graph_id,src,dst
0,0,1
0,0,3
0,1,2
0,1,3
0,2,3
0,2,4
0,3,4
0,4,5
0,4,6
0,5,6
0,5,16
0,6,7
0,6,8
0,7,8
0,8,9
0,8,10
0,9,10
0,10,11
0,10,12
0,11,15
0,12,13
0,12,14
0,13,14
0,14,15
0,15,16
0,16,17
0,16,33
0,17,18
0,17,21
0,18,19
0,18,20
0,19,20
0,20,22
0,21,22
0,22,23
0,22,24
0,23,24
0,24,25
0,24,29
0,25,26
0,26,27
0,26,28
0,27,26
0,28,32
0,29,30
0,29,31
0,30,31
0,31,32
0,32,33
0,33,34
0,33,35
0,34,35
1,0,1
1,0,3
1,1,2
1,1,3
1,2,3
1,2,4
1,3,4
1,4,5
1,4,6
1,5,6
1,5,16
1,6,7
1,6,8
1,7,8
1,8,9
1,8,10
1,9,10
1,10,11
1,10,12
1,11,15
1,12,13
1,12,14
1,13,14
1,14,15
1,15,16
1,16,17
1,16,33
1,17,18
1,17,21
1,18,19
1,18,20
1,19,20
1,20,22
1,21,22
1,22,23
1,22,24
1,23,24
1,24,25
1,24,29
1,25,26
1,26,27
1,26,28
1,27,26
1,28,32
1,29,30
1,29,31
1,30,31
1,31,32
1,32,33
1,33,34
1,33,35
1,34,35
2,0,1
2,0,2
2,1,2
2,2,3
2,3,4
2,3,6
2,4,5
2,5,3
2,6,7
2,6,8
2,7,8
2,7,9
2,8,9
3,0,1
3,0,2
3,1,2
3,2,3
3,2,4
3,3,5
3,4,5
3,5,6
3,6,7
3,6,15
3,7,8
3,7,9
3,8,10
3,9,10
3,10,11
3,11,12
3,11,14
3,12,13
3,13,11
3,14,6
4,0,1
4,0,2
4,1,2
4,2,3
4,2,4
4,3,4
4,4,5
4,4,6
4,5,6
4,5,7
4,6,7
4,7,8
4,7,9
4,8,9
5,0,1
5,0,2
5,1,2
5,2,3
5,2,4
5,3,5
5,4,5
5,5,6
5,6,7
5,6,15
5,7,8
5,7,9
5,8,10
5,9,10
5,10,11
5,11,12
5,11,14
5,12,13
5,13,11
5,14,6
6,0,1
6,0,2
6,1,2
6,2,3
6,2,4
6,3,4
6,4,5
6,4,6
6,5,6
6,5,7
6,6,7
6,7,8
6,8,9
6,8,12
6,9,10
6,9,11
6,10,12
6,11,8
6,12,13
6,12,28
6,13,14
6,13,15
6,14,16
6,15,16
6,16,17
6,16,18
6,17,18
6,18,19
6,19,20
6,19,21
6,20,24
6,21,22
6,21,23
6,22,23
6,23,19
6,24,25
6,24,26
6,25,27
6,26,27
6,27,28
7,0,1
7,0,2
7,1,9
7,2,3
7,3,4
7,3,6
7,4,5
7,5,3
7,6,7
7,6,8
7,7,8
7,8,9
8,0,1
8,0,5
8,1,2
8,1,3
8,2,3
8,2,4
8,3,4
8,4,8
8,5,6
8,5,7
8,6,7
8,7,8
9,0,1
9,1,2
9,1,4
9,2,3
9,3,1
10,0,1
10,0,2
10,1,2
10,2,3
10,2,4
10,3,4
10,4,5
10,5,6
10,5,8
10,6,7
10,7,5
11,0,1
11,0,2
11,1,3
11,2,3
12,0,1
12,0,2
12,1,3
12,2,3
13,0,1
13,1,2
13,1,3
13,2,1
14,0,1
14,0,2
14,1,2
15,0,1
15,1,2
15,1,7
15,2,3
15,3,4
15,3,6
15,4,5
15,5,3
15,6,1
16,0,1
16,1,2
16,1,35
16,2,3
16,3,4
16,3,33
16,4,5
16,5,6
16,5,29
16,6,7
16,6,8
16,7,9
16,8,9
16,9,10
16,10,11
16,10,27
16,11,12
16,11,13
16,12,13
16,12,20
16,13,14
16,13,19
16,14,15
16,15,16
16,15,18
16,16,17
16,17,15
16,18,19
16,19,25
16,20,21
16,21,22
16,21,24
16,22,23
16,23,21
16,24,25
16,25,26
16,26,10
16,27,28
16,28,5
16,29,30
16,29,31
16,30,36
16,31,32
16,32,3
16,33,34
16,34,1
16,35,36
17,0,1
17,1,2
17,1,18
17,2,3
17,2,4
17,3,5
17,4,5
17,5,6
17,5,7
17,6,8
17,7,8
17,8,9
17,8,10
17,9,11
17,10,11
17,11,12
17,11,13
17,12,18
17,13,14
17,13,15
17,14,16
17,15,16
17,16,17
17,17,1
18,0,1
18,1,2
18,1,18
18,2,3
18,2,4
18,3,5
18,4,5
18,5,6
18,5,7
18,6,8
18,7,8
18,8,9
18,8,10
18,9,11
18,10,11
18,11,12
18,11,13
18,12,18
18,13,14
18,13,15
18,14,16
18,15,16
18,16,17
18,17,1
19,0,1
19,0,2
19,1,2
19,2,3
19,3,4
19,3,15
19,4,5
19,4,8
19,5,6
19,5,7
19,6,16
19,7,8
19,8,9
19,8,14
19,9,10
19,9,13
19,10,11
19,10,12
19,11,16
19,12,13
19,13,14
19,14,3
19,15,16
20,0,1
20,0,2
20,1,3
20,2,3
20,3,4
20,3,5
20,4,5
20,5,6
20,5,19
20,6,7
20,7,8
20,7,10
20,8,9
20,9,7
20,10,11
20,11,12
20,11,14
20,12,13
20,13,11
20,14,15
20,15,16
20,15,18
20,16,17
20,17,15
20,18,19
21,0,1
21,0,2
21,1,2
21,2,3
21,3,4
21,3,8
21,4,5
21,4,6
21,5,6
21,6,7
21,7,3
21,8,9
21,8,16
21,9,10
21,10,11
21,10,15
21,11,12
21,11,13
21,12,13
21,13,14
21,14,10
21,15,16
22,0,1
22,0,2
22,1,15
22,2,3
22,2,6
22,3,4
22,3,5
22,4,15
22,5,6
22,6,7
22,6,10
22,7,8
22,7,9
22,8,15
22,9,10
22,10,11
22,11,12
22,11,14
22,12,13
22,13,11
22,14,15
23,0,1
23,0,2
23,1,2
23,1,3
23,2,3
23,3,4
23,4,5
23,4,7
23,5,6
23,6,4
24,0,1
24,1,2
24,1,12
24,2,3
24,2,10
24,3,4
24,3,8
24,4,5
24,4,7
24,5,6
24,5,7
24,6,7
24,7,9
24,8,9
24,9,10
24,10,11
24,11,1
25,0,1
25,0,6
25,1,2
25,1,5
25,2,3
25,2,4
25,3,17
25,4,5
25,5,6
25,6,7
25,7,8
25,7,12
25,8,9
25,8,10
25,9,17
25,10,11
25,11,7
25,12,13
25,12,16
25,13,14
25,13,15
25,14,15
25,15,16
25,16,17
26,0,1
26,0,2
26,1,2
26,2,3
26,3,4
26,3,5
26,4,3
26,5,6
26,5,7
26,6,7
26,7,8
26,7,9
26,8,41
26,9,10
26,9,13
26,10,11
26,10,12
26,11,41
26,12,13
26,13,14
26,14,15
26,14,36
26,15,16
26,15,17
26,16,34
26,17,18
26,18,19
26,18,22
26,19,20
26,19,21
26,20,41
26,21,18
26,22,23
26,22,24
26,23,24
26,24,25
26,25,26
26,25,27
26,26,25
26,27,28
26,27,29
26,28,29
26,29,30
26,29,31
26,30,41
26,31,32
26,31,33
26,32,41
26,33,34
26,34,35
26,35,14
26,36,37
26,36,40
26,37,38
26,37,39
26,38,41
26,39,40
26,40,41
27,0,1
27,0,10
27,1,2
27,2,3
27,2,9
27,3,4
27,4,5
27,4,7
27,5,6
27,6,4
27,7,8
27,8,2
27,9,10
28,0,1
28,0,2
28,1,2
29,0,1
29,0,4
29,0,5
29,0,8
29,1,2
29,1,3
29,2,3
29,3,8
29,4,8
29,5,6
29,5,7
29,6,7
29,7,8
30,0,1
30,0,3
30,1,2
30,1,3
30,2,8
30,3,4
30,3,7
30,4,5
30,4,7
30,5,6
30,5,7
30,6,7
30,7,8
30,8,9
30,8,10
30,9,10
30,10,11
30,11,12
30,11,17
30,12,13
30,12,16
30,13,14
30,13,15
30,14,15
30,15,17
30,16,11
30,17,18
30,17,19
30,18,20
30,19,20
31,0,1
31,1,2
31,1,21
31,2,3
31,3,4
31,3,6
31,4,5
31,5,3
31,6,7
31,7,8
31,7,19
31,8,9
31,8,13
31,9,10
31,9,11
31,10,12
31,11,12
31,12,17
31,13,14
31,13,15
31,14,16
31,15,16
31,16,17
31,17,18
31,18,7
31,19,20
31,20,1
32,0,1
32,0,2
32,1,2
32,1,3
32,2,3
32,3,4
32,3,17
32,4,5
32,5,6
32,5,10
32,6,7
32,6,8
32,7,8
32,8,9
32,9,5
32,10,11
32,11,12
32,11,16
32,12,13
32,12,14
32,13,14
32,14,15
32,15,11
32,16,17
32,17,18
32,18,19
32,18,20
32,19,18
32,20,21
32,21,22
32,21,23
32,22,21
33,0,1
33,1,2
33,1,7
33,2,3
33,3,4
33,3,6
33,4,5
33,5,3
33,6,1
34,0,1
34,1,2
34,1,8
34,2,3
34,3,4
34,3,6
34,4,5
34,5,3
34,6,7
34,7,1
35,0,1
35,1,2
35,1,8
35,2,3
35,3,4
35,3,6
35,4,5
35,5,3
35,6,7
35,7,1
36,0,1
36,0,2
36,1,2
36,2,3
36,2,4
36,3,5
36,4,5
37,0,1
37,0,2
37,0,3
37,0,4
37,0,5
37,0,6
37,0,7
37,0,8
37,1,9
37,2,9
37,3,9
37,4,9
37,5,9
37,6,9
37,7,9
37,8,9
37,9,10
37,9,11
37,10,11
37,11,12
37,11,13
37,12,14
37,13,14
37,14,15
37,14,16
37,15,16
38,0,1
38,0,4
38,1,2
38,1,4
38,2,3
38,2,4
38,3,4
38,3,5
38,4,5
38,5,6
38,5,7
38,6,7
38,6,8
38,7,8
38,8,9
38,8,10
38,9,10
38,10,11
38,10,12
38,11,12
38,12,13
38,12,14
38,13,14
38,14,15
38,15,16
38,15,29
38,16,17
38,16,20
38,17,18
38,17,20
38,18,19
38,18,20
38,19,20
38,19,21
38,20,21
38,21,22
38,21,23
38,22,24
38,23,24
38,24,25
38,24,26
38,25,27
38,26,27
38,27,28
38,28,15
38,29,30
38,30,31
38,30,33
38,31,32
38,32,30
39,0,1
39,1,2
39,1,16
39,2,3
39,3,4
39,3,14
39,4,5
39,5,6
39,5,12
39,6,7
39,7,8
39,7,10
39,8,9
39,9,7
39,10,11
39,11,5
39,12,13
39,13,3
39,14,15
39,15,1
40,0,1
40,0,2
40,1,7
40,2,3
40,3,4
40,3,6
40,4,5
40,5,3
40,6,7
41,0,1
41,0,2
41,1,9
41,2,3
41,2,4
41,3,9
41,4,5
41,5,6
41,5,8
41,6,7
41,7,5
41,8,9
42,0,1
42,0,2
42,1,3
42,2,3
42,3,4
42,3,5
42,4,5
42,5,6
42,5,10
42,6,7
42,6,8
42,7,9
42,8,9
42,9,11
42,10,11
42,11,12
42,11,13
42,12,14
42,13,14
43,0,1
43,0,4
43,0,4
43,0,7
43,0,7
43,0,10
43,1,2
43,1,3
43,2,3
43,3,13
43,4,5
43,4,6
43,5,6
43,6,13
43,7,8
43,7,9
43,8,9
43,9,13
43,10,11
43,10,12
43,11,12
43,12,13
43,13,14
43,13,26
43,13,32
43,13,41
43,13,47
43,13,56
43,14,15
43,14,16
43,15,16
43,16,17
43,16,18
43,17,25
43,18,19
43,18,20
43,19,24
43,20,21
43,20,22
43,21,23
43,22,23
43,23,24
43,24,25
43,25,60
43,26,27
43,26,28
43,27,28
43,28,29
43,28,30
43,29,31
43,30,31
43,31,60
43,32,33
43,32,34
43,33,34
43,34,35
43,34,36
43,35,40
43,36,37
43,36,38
43,37,39
43,38,39
43,39,40
43,40,60
43,41,42
43,41,43
43,42,43
43,43,44
43,43,45
43,44,46
43,45,46
43,46,60
43,47,48
43,47,49
43,48,49
43,49,50
43,49,51
43,50,55
43,51,52
43,51,53
43,52,54
43,53,54
43,54,55
43,55,60
43,56,57
43,56,58
43,57,58
43,57,59
43,58,59
43,59,60
44,0,1
44,0,2
44,1,2
44,2,3
44,2,4
44,3,4
45,0,1
45,0,2
45,1,2
45,2,3
45,2,4
45,3,9
45,4,5
45,5,6
45,5,8
45,6,7
45,7,5
45,8,9
46,0,1
46,0,2
46,1,2
46,2,3
46,3,4
46,3,22
46,4,5
46,4,7
46,5,6
46,5,7
46,6,20
46,7,8
46,7,10
46,8,9
46,8,10
46,9,19
46,10,11
46,10,13
46,11,12
46,11,13
46,12,18
46,13,14
46,13,16
46,14,15
46,14,16
46,15,17
46,16,17
46,17,18
46,18,19
46,19,20
46,20,21
46,21,3
47,0,1
47,0,2
47,1,3
47,2,3
47,3,4
47,4,5
47,4,7
47,5,6
47,6,4
48,0,1
48,0,2
48,1,2
48,2,3
48,2,4
48,3,4
48,3,5
48,4,5
48,5,6
48,5,7
48,6,7
48,7,8
48,8,9
48,8,18
48,9,10
48,9,11
48,10,11
48,11,12
48,11,13
48,12,13
48,13,14
48,13,16
48,14,15
48,14,16
48,15,16
48,16,17
48,17,8
49,0,1
49,0,2
49,1,2
49,2,3
49,2,4
49,3,4
49,4,5
49,5,6
49,5,8
49,6,7
49,7,5
49,8,9
49,9,10
49,9,12
49,10,11
49,11,9
50,0,1
50,1,2
50,1,4
50,2,3
50,3,1
50,4,5
50,5,6
50,5,8
50,6,7
50,7,5
51,0,1
51,0,2
51,1,2
51,1,5
51,2,3
51,2,4
51,3,4
51,4,8
51,5,6
51,5,7
51,6,7
51,7,8
51,8,9
51,9,10
51,9,19
51,10,11
51,11,12
51,11,18
51,12,13
51,12,14
51,13,14
51,14,15
51,14,16
51,15,16
51,16,17
51,17,11
51,18,9
52,0,1
52,0,2
52,1,2
52,1,3
52,2,3
52,3,4
52,3,5
52,4,6
52,5,6
52,6,7
52,6,8
52,7,8
52,8,9
52,8,10
52,9,10
52,10,11
52,11,12
52,11,20
52,12,13
52,12,14
52,13,14
52,13,15
52,14,15
52,15,16
52,16,17
52,16,18
52,17,16
52,18,19
52,19,11
52,20,21
52,21,22
52,21,28
52,22,23
52,23,24
52,23,25
52,24,23
52,25,26
52,25,27
52,26,27
52,27,21
52,28,29
52,29,30
52,29,36
52,30,31
52,30,33
52,31,32
52,31,33
52,32,33
52,32,34
52,33,34
52,34,35
52,35,29
53,0,1
53,0,2
53,1,2
53,2,3
53,2,4
53,2,5
53,2,6
53,2,7
53,2,8
53,2,16
53,3,17
53,4,17
53,5,17
53,6,17
53,7,17
53,8,9
53,8,10
53,9,10
53,9,11
53,10,11
53,11,12
53,12,13
53,12,15
53,13,14
53,14,12
53,15,17
53,16,17
54,0,1
54,0,2
54,1,2
54,2,3
54,2,4
54,3,4
54,4,5
54,5,6
54,5,8
54,6,7
54,7,5
54,8,9
54,8,10
54,9,10
55,0,1
55,0,2
55,1,2
55,2,3
55,2,4
55,3,4
56,0,1
56,1,2
56,1,6
56,2,3
56,2,4
56,3,4
56,4,5
56,5,1
56,6,7
56,7,8
56,7,14
56,8,9
56,8,10
56,9,10
56,10,11
56,10,12
56,11,12
56,12,13
56,13,7
57,0,1
57,0,4
57,1,2
57,1,5
57,2,3
57,2,5
57,3,4
57,3,5
57,4,5
57,5,6
57,6,7
57,6,8
57,7,6
58,0,1
58,0,4
58,1,2
58,1,5
58,2,3
58,2,5
58,3,4
58,3,5
58,4,5
59,0,1
59,0,2
59,1,2
59,2,3
59,2,4
59,3,13
59,4,5
59,4,6
59,5,6
59,6,7
59,6,8
59,7,8
59,8,9
59,8,10
59,9,10
59,10,11
59,10,12
59,11,13
59,12,13
60,0,1
60,0,2
60,1,2
60,2,3
60,2,4
60,3,4
60,4,5
60,4,6
60,5,6
60,6,7
60,6,8
60,7,8
60,8,9
60,8,10
60,9,10
61,0,1
61,0,2
61,1,2
62,0,1
62,1,2
62,1,9
62,2,3
62,2,4
62,3,12
62,4,5
62,4,6
62,5,6
62,6,7
62,6,8
62,7,12
62,8,1
62,9,10
62,9,11
62,10,12
62,11,12
63,0,1
63,0,2
63,1,2
63,2,3
63,2,4
63,3,4
63,4,5
63,4,6
63,5,6
64,0,1
64,0,2
64,1,2
64,2,3
64,2,4
64,3,5
64,4,5
64,5,6
64,5,7
64,6,7
64,7,8
64,8,9
64,8,10
64,9,8
64,10,11
64,10,12
64,11,12
64,12,13
64,12,14
64,13,14
64,14,15
64,14,16
64,15,16
64,16,17
64,16,18
64,17,18
64,18,19
64,18,20
64,19,20
64,20,21
64,20,22
64,21,22
64,22,23
64,22,24
64,23,24
64,24,25
64,25,26
64,25,28
64,26,27
64,27,25
65,0,1
65,1,2
65,1,11
65,2,3
65,3,4
65,3,10
65,4,5
65,5,6
65,5,8
65,6,7
65,7,5
65,8,9
65,9,3
65,10,1
66,0,1
66,0,2
66,1,2
66,2,3
66,2,6
66,3,4
66,3,5
66,4,5
66,5,6
66,6,7
66,6,8
66,7,8
66,8,9
66,8,10
66,9,11
66,10,11
67,0,1
67,0,2
67,1,10
67,2,3
67,3,4
67,3,9
67,4,5
67,4,8
67,5,6
67,5,7
67,6,7
67,7,10
67,8,3
67,9,10
68,0,1
68,0,4
68,1,2
68,1,3
68,2,3
68,3,21
68,4,5
68,4,6
68,5,6
68,5,7
68,6,7
68,7,8
68,8,9
68,8,20
68,9,10
68,9,11
68,10,11
68,11,12
68,11,13
68,12,13
68,13,14
68,13,15
68,14,15
68,15,16
68,16,17
68,16,18
68,17,16
68,18,19
68,19,8
68,20,21
68,21,22
68,21,26
68,22,23
68,22,24
68,23,25
68,24,25
68,25,26
69,0,1
69,0,7
69,0,12
69,1,2
69,1,3
69,2,3
69,3,4
69,3,5
69,4,6
69,5,6
69,6,13
69,7,8
69,7,9
69,8,9
69,9,10
69,9,11
69,10,11
69,11,13
69,12,13
69,13,14
69,13,15
69,14,15
70,0,1
70,1,2
70,1,3
70,2,3
70,3,4
70,3,24
70,4,5
70,4,6
70,5,7
70,6,7
70,7,8
70,7,14
70,8,9
70,8,14
70,9,10
70,10,11
70,10,13
70,11,12
70,12,10
70,13,14
70,14,15
70,14,16
70,15,16
70,16,17
70,16,23
70,17,18
70,17,23
70,18,19
70,19,20
70,19,22
70,20,21
70,21,19
70,22,24
70,23,1
71,0,1
71,1,2
71,1,13
71,2,3
71,2,4
71,3,4
71,4,5
71,4,6
71,5,13
71,6,7
71,6,10
71,7,8
71,7,9
71,8,9
71,9,13
71,10,11
71,10,12
71,11,12
71,12,1
72,0,1
72,0,2
72,1,2
73,0,1
73,1,2
73,1,6
73,2,3
73,2,4
73,3,4
73,4,5
73,5,1
73,6,7
73,7,8
73,7,12
73,8,9
73,8,10
73,9,10
73,10,11
73,11,7
73,12,13
73,12,14
73,13,37
73,14,15
73,14,16
73,15,19
73,16,17
73,16,18
73,17,18
73,18,19
73,19,20
73,20,21
73,20,28
73,21,22
73,21,26
73,22,23
73,22,24
73,23,25
73,24,25
73,25,26
73,26,27
73,27,20
73,28,29
73,29,30
73,29,37
73,30,31
73,30,35
73,31,32
73,31,33
73,32,34
73,33,34
73,34,35
73,35,36
73,36,29
74,0,1
74,0,2
74,1,2
75,0,1
75,0,2
75,1,2
76,0,1
76,1,2
76,1,7
76,2,3
76,3,4
76,3,6
76,4,5
76,5,3
76,6,1
77,0,1
77,1,2
77,1,7
77,2,3
77,3,4
77,3,6
77,4,5
77,5,3
77,6,1
78,0,1
78,1,2
78,1,4
78,2,3
78,3,1
79,0,1
79,0,2
79,1,2
79,2,3
79,3,4
79,3,6
79,4,5
79,5,3
80,0,1
80,1,2
80,1,4
80,2,3
80,3,1
81,0,1
81,0,2
81,1,6
81,2,3
81,2,4
81,3,5
81,4,5
81,5,6
82,0,1
82,0,4
82,1,2
82,1,3
82,2,3
82,3,5
82,4,5
83,0,1
83,1,2
83,1,17
83,2,3
83,2,5
83,3,4
83,3,5
83,4,5
83,4,6
83,5,6
83,6,7
83,6,14
83,7,8
83,7,9
83,8,9
83,9,10
83,10,11
83,10,13
83,11,12
83,12,10
83,13,15
83,14,15
83,15,16
83,16,1
84,0,1
84,0,2
84,1,3
84,2,3
84,3,4
84,4,5
84,4,10
84,5,6
84,5,7
84,6,8
84,7,8
84,8,9
84,9,4
85,0,1
85,0,2
85,1,5
85,2,3
85,2,4
85,3,5
85,4,5
86,0,1
86,0,2
86,1,3
86,2,3
86,3,4
86,4,5
86,4,6
86,5,6
86,6,7
86,6,9
86,7,8
86,8,4
86,9,10
86,9,11
86,10,11
87,0,1
87,0,2
87,1,2
88,0,1
88,1,2
88,1,4
88,2,3
88,3,1
88,4,5
88,4,7
88,5,6
88,5,7
88,6,7
88,6,8
88,7,19
88,8,9
88,9,10
88,9,15
88,10,11
88,10,12
88,11,12
88,11,13
88,12,13
88,13,14
88,14,9
88,15,16
88,15,18
88,16,17
88,16,18
88,17,18
88,18,19
88,19,20
88,19,21
88,20,28
88,21,22
88,21,23
88,22,27
88,23,24
88,23,25
88,24,26
88,25,26
88,26,27
88,27,28
89,0,1
89,0,2
89,1,15
89,2,3
89,3,4
89,3,14
89,4,5
89,4,11
89,5,6
89,5,9
89,6,7
89,6,8
89,7,8
89,8,10
89,9,10
89,10,12
89,11,12
89,12,13
89,13,3
89,14,15
89,15,16
89,15,17
89,16,17
90,0,1
90,1,2
90,1,6
90,2,3
90,2,4
90,3,4
90,4,5
90,5,1
90,6,7
90,6,16
90,7,8
90,8,9
90,8,15
90,9,10
90,9,11
90,10,11
90,11,12
90,11,13
90,12,13
90,13,14
90,14,8
90,15,16
91,0,1
91,0,2
91,1,2
91,2,3
91,2,4
91,3,4
91,4,5
91,4,6
91,5,6
91,6,7
91,7,8
91,7,10
91,8,9
91,9,7
92,0,1
92,0,2
92,1,11
92,2,3
92,2,4
92,3,4
92,4,5
92,4,6
92,5,6
92,6,7
92,6,8
92,7,8
92,8,9
92,8,10
92,9,10
92,10,11
92,11,12
92,11,13
92,12,14
92,13,14
93,0,1
93,0,2
93,1,13
93,2,3
93,2,8
93,2,11
93,3,4
93,3,5
93,4,5
93,5,6
93,5,7
93,6,7
93,7,12
93,8,9
93,8,10
93,9,10
93,10,12
93,11,12
93,12,13
94,0,1
94,0,2
94,1,2
95,0,1
95,1,2
95,1,13
95,2,3
95,2,4
95,3,9
95,4,5
95,4,6
95,5,6
95,6,7
95,6,8
95,7,8
95,8,9
95,9,10
95,9,11
95,10,11
95,11,12
95,12,1
95,13,14
95,13,15
95,14,15
95,15,16
95,15,17
95,16,17
95,17,18
95,18,19
95,18,20
95,19,18
95,20,21
95,21,22
95,21,23
95,22,21
96,0,1
96,1,2
96,1,4
96,2,3
96,3,1
96,4,5
96,5,6
96,5,7
96,6,5
96,7,8
96,8,9
96,8,12
96,9,10
96,9,11
96,10,11
96,11,8
96,12,13
96,13,14
96,13,15
96,14,13
96,15,16
96,16,17
96,16,20
96,17,18
96,17,19
96,18,19
96,19,16
96,20,21
96,21,22
96,21,24
96,22,23
96,23,21
97,0,1
97,0,2
97,1,2
97,2,3
97,2,7
97,3,4
97,4,5
97,4,6
97,5,4
97,6,7
97,7,8
97,8,9
97,8,15
97,9,10
97,10,11
97,10,13
97,11,12
97,12,10
97,13,14
97,14,8
98,0,1
98,1,2
98,1,15
98,2,3
98,2,8
98,3,4
98,4,5
98,4,7
98,5,6
98,6,4
98,7,8
98,8,9
98,8,9
98,8,9
98,8,10
98,8,10
98,8,11
98,8,11
98,8,12
98,8,13
98,9,14
98,10,14
98,11,14
98,12,14
98,13,14
98,14,1
98,15,16
98,16,17
98,16,18
98,17,16
99,0,1
99,0,7
99,1,2
99,2,3
99,2,4
99,3,4
99,4,5
99,4,6
99,5,2
99,6,13
99,7,8
99,8,9
99,8,10
99,9,10
99,10,11
99,10,12
99,11,8
99,12,13
100,0,1
100,1,2
100,1,4
100,2,3
100,3,1
100,4,5
100,5,6
100,5,10
100,6,7
100,6,8
100,7,9
100,8,9
100,9,5
101,0,1
101,0,2
101,1,5
101,2,3
101,2,4
101,3,5
101,4,5
102,0,1
102,1,2
102,2,3
102,2,30
102,3,4
102,4,5
102,4,9
102,5,6
102,5,7
102,6,9
102,7,8
102,8,4
102,9,10
102,10,11
102,10,14
102,11,12
102,11,13
102,12,13
102,13,14
102,14,15
102,14,29
102,15,16
102,15,17
102,16,25
102,17,18
102,17,19
102,18,19
102,18,20
102,19,24
102,20,21
102,20,22
102,21,23
102,22,23
102,23,24
102,24,25
102,25,26
102,25,27
102,26,28
102,27,28
102,28,10
102,29,2
102,30,31
102,30,32
102,32,1
103,0,1
103,1,2
103,1,3
103,2,3
103,3,4
103,3,53
103,4,5
103,4,6
103,5,53
103,6,7
103,6,18
103,6,25
103,6,31
103,6,38
103,6,43
103,6,47
103,6,50
103,7,8
103,7,9
103,8,17
103,9,10
103,9,11
103,10,11
103,10,12
103,11,16
103,12,13
103,12,14
103,13,15
103,14,15
103,15,16
103,16,17
103,17,51
103,18,19
103,18,20
103,19,24
103,20,21
103,20,22
103,21,23
103,22,23
103,23,24
103,24,51
103,25,26
103,25,27
103,26,30
103,27,28
103,27,29
103,28,29
103,29,30
103,30,51
103,31,32
103,31,33
103,32,33
103,32,34
103,33,37
103,34,35
103,34,36
103,35,36
103,36,37
103,37,51
103,38,39
103,38,40
103,39,40
103,39,41
103,40,42
103,41,42
103,42,51
103,43,44
103,43,45
103,44,46
103,45,46
103,46,51
103,47,48
103,47,49
103,48,49
103,49,51
103,50,51
103,51,52
103,52,1
103,53,54
103,53,55
103,54,55
104,0,1
104,1,2
104,1,3
104,2,3
104,3,4
104,3,12
104,4,5
104,4,6
104,5,12
104,6,7
104,6,8
104,7,8
104,8,9
104,8,10
104,9,10
104,10,11
104,11,1
105,0,1
105,1,2
105,1,10
105,2,3
105,2,4
105,3,5
105,4,5
105,5,6
105,5,7
105,6,8
105,7,8
105,8,9
105,9,1
106,0,1
106,0,2
106,1,2
106,2,3
106,2,4
106,3,5
106,4,5
106,5,6
106,5,8
106,6,7
106,6,8
106,7,8
106,8,9
106,8,10
106,9,10
107,0,1
107,1,2
107,1,4
107,2,3
107,3,1
108,0,1
108,0,2
108,1,2
108,2,3
108,2,4
108,3,5
108,4,5
109,0,1
109,1,2
109,1,6
109,2,3
109,2,4
109,3,4
109,4,5
109,5,1
110,0,1
110,0,2
110,1,2
110,2,3
110,2,4
110,3,5
110,4,5
110,5,6
110,5,7
110,6,7
110,7,8
110,8,9
110,8,10
110,9,8
110,10,11
110,10,12
110,11,12
110,12,13
110,13,14
110,13,16
110,14,15
110,15,13
111,0,1
111,1,2
111,1,8
111,2,3
111,3,4
111,3,6
111,4,5
111,5,3
111,6,7
111,7,1
112,0,1
112,1,2
112,1,12
112,2,3
112,3,4
112,3,10
112,4,5
112,5,6
112,5,8
112,6,7
112,7,5
112,8,9
112,9,3
112,10,11
112,11,1
113,0,1
113,1,2
113,1,12
113,2,3
113,3,4
113,3,10
113,4,5
113,5,6
113,5,8
113,6,7
113,7,5
113,8,9
113,9,3
113,10,11
113,11,1
114,0,1
114,1,2
114,1,8
114,2,3
114,3,4
114,3,6
114,4,5
114,5,3
114,6,7
114,7,1
115,0,1
115,1,2
115,1,11
115,2,3
115,3,4
115,3,9
115,4,5
115,4,6
115,5,7
115,6,7
115,7,8
115,8,3
115,9,10
115,10,1
116,0,1
116,0,2
116,1,2
116,2,3
116,2,4
116,3,4
116,4,5
116,4,6
116,5,6
116,6,7
116,6,8
116,7,8
117,0,1
117,0,2
117,1,2
117,2,3
117,2,4
117,3,4
117,4,5
117,4,7
117,5,6
117,5,7
117,6,7
117,6,8
117,7,8
118,0,1
118,0,2
118,1,5
118,2,3
118,2,4
118,3,6
118,4,5
118,5,6
119,0,1
119,0,2
119,1,19
119,2,3
119,2,4
119,3,19
119,4,5
119,4,6
119,5,6
119,5,15
119,6,7
119,6,8
119,7,8
119,8,9
119,8,10
119,9,10
119,10,11
119,11,12
119,11,14
119,12,13
119,13,11
119,14,19
119,15,16
119,16,17
119,16,19
119,17,18
119,18,16
120,0,1
120,0,2
120,1,18
120,2,3
120,2,4
120,3,4
120,3,13
120,4,5
120,4,6
120,5,6
120,6,7
120,6,8
120,7,8
120,8,9
120,9,10
120,9,12
120,10,11
120,11,9
120,12,18
120,13,14
120,14,15
120,14,17
120,15,16
120,16,14
120,17,18
121,0,1
121,0,2
121,1,2
121,2,3
121,2,4
121,3,5
121,4,5
121,5,6
121,5,7
121,6,7
121,7,8
121,7,9
121,8,9
122,0,1
122,0,17
122,1,2
122,2,3
122,2,16
122,3,4
122,3,13
122,4,5
122,4,6
122,5,6
122,6,7
122,7,8
122,7,12
122,8,9
122,8,10
122,9,10
122,10,11
122,11,7
122,12,14
122,13,14
122,14,15
122,15,2
122,16,17
122,17,18
122,17,19
122,18,19
123,0,1
123,0,14
123,1,2
123,1,9
123,2,3
123,3,4
123,3,8
123,4,5
123,4,6
123,5,6
123,6,7
123,7,3
123,8,9
123,9,10
123,10,11
123,10,13
123,11,12
123,12,10
123,13,27
123,14,15
123,15,16
123,15,18
123,16,17
123,17,15
123,18,19
123,18,26
123,19,20
123,20,21
123,20,25
123,21,22
123,21,23
123,22,23
123,23,24
123,24,20
123,25,26
123,26,27
124,0,1
124,0,6
124,1,2
124,2,3
124,2,5
124,3,4
124,4,2
124,5,6
124,6,7
124,6,12
124,7,8
124,8,9
124,8,11
124,9,10
124,10,8
124,11,12
124,12,13
124,12,18
124,13,14
124,14,15
124,14,17
124,15,16
124,16,14
124,17,18
124,18,19
124,18,24
124,19,20
124,20,21
124,20,23
124,21,22
124,22,20
124,23,24
124,24,25
124,25,26
124,25,32
124,26,27
124,27,28
124,27,30
124,28,29
124,29,27
124,30,31
124,31,25
125,0,1
125,0,2
125,1,12
125,2,3
125,2,8
125,3,4
125,4,5
125,4,7
125,5,6
125,6,4
125,7,12
125,8,9
125,9,10
125,9,12
125,10,11
125,11,9
126,0,1
126,0,2
126,1,2
126,2,3
126,2,4
126,3,5
126,4,5
127,0,1
127,0,2
127,1,20
127,2,3
127,2,4
127,3,20
127,4,5
127,4,12
127,5,6
127,6,7
127,6,11
127,7,8
127,7,9
127,8,9
127,9,10
127,10,6
127,11,19
127,12,13
127,13,14
127,13,18
127,14,15
127,14,16
127,15,16
127,16,17
127,17,13
127,18,19
127,19,20
128,0,1
128,1,2
128,1,4
128,2,3
128,3,1
128,4,5
128,5,6
128,5,8
128,6,7
128,7,5
128,8,9
128,9,10
128,9,18
128,10,11
128,10,12
128,11,13
128,12,13
128,13,14
128,13,15
128,14,16
128,15,16
128,16,17
128,17,9
129,0,1
129,0,2
129,1,2
129,2,3
129,2,4
129,3,5
129,4,5
129,5,6
129,5,7
129,6,7
129,7,8
129,8,9
129,8,10
129,9,8
129,10,11
129,10,12
129,11,12
129,12,13
129,13,14
129,13,16
129,14,15
129,15,13
130,0,1
130,1,2
130,1,11
130,2,3
130,3,4
130,3,9
130,4,5
130,4,6
130,5,7
130,6,7
130,7,8
130,8,3
130,9,10
130,10,1
130,11,12
130,12,13
130,12,15
130,13,14
130,14,12
130,15,16
130,16,17
130,16,23
130,17,18
130,18,19
130,18,21
130,19,20
130,20,18
130,21,22
130,22,16
131,0,1
131,1,2
131,1,4
131,2,3
131,3,1
131,4,5
131,5,6
131,5,8
131,6,7
131,7,5
131,8,9
131,9,10
131,9,12
131,10,11
131,11,9
132,0,1
132,0,8
132,1,2
132,1,7
132,2,3
132,2,4
132,3,4
132,4,5
132,4,6
132,5,6
132,6,7
132,7,8
133,0,1
133,1,2
133,1,12
133,2,3
133,3,4
133,3,10
133,4,5
133,5,6
133,5,8
133,6,7
133,7,5
133,8,9
133,9,3
133,10,11
133,11,1
134,0,1
134,0,2
134,1,2
134,2,3
134,3,4
134,3,14
134,4,5
134,5,6
134,5,12
134,6,7
134,7,8
134,7,10
134,8,9
134,9,7
134,10,11
134,11,5
134,12,13
134,13,3
134,14,15
134,14,16
134,15,17
134,16,17
135,0,1
135,0,2
135,1,2
135,2,3
135,2,8
135,3,4
135,4,5
135,4,7
135,5,6
135,6,4
135,7,8
135,8,9
135,8,10
135,9,10
135,10,11
135,10,16
135,11,12
135,12,13
135,12,15
135,13,14
135,14,12
135,15,16
135,16,17
135,16,22
135,17,18
135,18,19
135,18,21
135,19,20
135,20,18
135,21,22
135,22,23
135,22,28
135,23,24
135,24,25
135,24,27
135,25,26
135,26,24
135,27,28
136,0,1
136,0,2
136,1,2
136,2,3
136,2,4
136,3,4
136,4,5
136,5,6
136,5,13
136,6,7
136,6,8
136,7,9
136,8,9
136,9,10
136,9,11
136,10,11
136,11,12
136,12,5
136,13,14
136,14,15
136,14,19
136,15,16
136,15,17
136,16,17
136,17,18
136,18,14
136,19,20
136,19,21
136,20,21
136,21,22
136,22,23
136,22,27
136,23,24
136,23,25
136,24,25
136,25,26
136,26,22
136,27,28
136,28,29
136,28,33
136,29,30
136,29,31
136,30,31
136,31,32
136,32,28
137,0,1
137,0,8
137,1,2
137,2,3
137,2,7
137,3,4
137,3,5
137,4,5
137,5,6
137,6,2
137,7,13
137,8,9
137,8,10
137,9,14
137,10,11
137,10,12
137,11,14
137,12,13
137,13,14
138,0,1
138,1,2
138,1,37
138,2,3
138,3,4
138,3,35
138,4,5
138,5,6
138,5,33
138,6,7
138,6,8
138,7,32
138,8,9
138,8,10
138,9,11
138,10,11
138,11,12
138,11,16
138,12,13
138,12,14
138,13,15
138,14,15
138,15,20
138,16,17
138,16,18
138,17,19
138,18,19
138,19,20
138,20,21
138,20,22
138,21,32
138,22,23
138,22,27
138,23,24
138,23,25
138,24,26
138,25,26
138,26,31
138,27,28
138,27,29
138,28,30
138,29,30
138,30,31
138,31,32
138,32,5
138,33,34
138,34,3
138,35,36
138,36,1
139,0,1
139,1,2
139,1,11
139,2,3
139,3,4
139,4,5
139,4,7
139,5,6
139,6,4
139,7,8
139,8,3
139,8,9
139,9,10
139,10,1
139,11,12
139,11,13
139,12,14
139,13,14
140,0,1
140,0,2
140,1,2
140,2,3
140,2,4
140,3,5
140,4,5
140,5,6
140,5,7
140,6,7
140,7,8
140,7,9
140,8,9
140,9,10
140,9,11
140,9,12
140,9,13
140,10,14
140,11,14
140,12,14
140,13,14
140,14,15
140,15,16
140,15,21
140,16,17
140,16,18
140,17,19
140,18,19
140,19,20
140,20,15
140,21,22
140,22,23
140,22,25
140,23,24
140,24,22
140,25,26
140,25,27
140,26,27
140,27,28
140,28,29
140,28,31
140,29,30
140,30,28
140,31,32
140,31,33
140,32,33
140,33,34
140,33,35
140,34,35
140,35,36
140,35,37
140,36,37
141,0,1
141,1,2
141,1,8
141,2,3
141,3,4
141,3,6
141,4,5
141,5,3
141,6,7
141,7,1
142,0,1
142,1,2
142,1,12
142,2,3
142,3,4
142,3,6
142,4,5
142,5,3
142,6,7
142,7,8
142,7,10
142,8,9
142,9,7
142,10,11
142,11,1
142,12,13
142,13,14
142,13,20
142,14,15
142,15,16
142,15,18
142,16,17
142,17,15
142,18,19
142,19,13
142,20,21
142,21,22
142,21,28
142,22,23
142,23,24
142,23,26
142,24,25
142,25,23
142,26,27
142,27,21
143,0,1
143,1,2
143,1,8
143,2,3
143,3,4
143,3,6
143,4,5
143,5,3
143,6,7
143,7,1
144,0,1
144,1,2
144,1,10
144,2,3
144,3,4
144,3,8
144,4,5
144,4,6
144,5,6
144,6,7
144,7,3
144,8,9
144,9,1
145,0,1
145,1,2
145,1,8
145,2,3
145,3,4
145,3,6
145,4,5
145,5,3
145,6,7
145,7,1
146,0,1
146,0,2
146,1,10
146,2,3
146,3,4
146,3,9
146,4,5
146,4,6
146,5,7
146,6,7
146,7,8
146,8,3
146,9,10
147,0,1
147,0,2
147,1,2
147,2,3
147,2,4
147,3,5
147,4,5
148,0,1
148,1,2
148,1,12
148,2,3
148,3,4
148,3,10
148,4,5
148,5,6
148,5,8
148,6,7
148,7,5
148,8,9
148,9,3
148,10,11
148,11,1
149,0,1
149,1,2
149,1,72
149,2,3
149,3,4
149,3,32
149,4,5
149,5,6
149,5,30
149,6,7
149,6,9
149,7,8
149,7,17
149,8,12
149,8,14
149,9,7
149,9,10
149,10,7
149,10,11
149,11,7
149,12,13
149,12,17
149,13,17
149,14,12
149,14,15
149,15,12
149,15,16
149,16,12
149,17,18
149,17,20
149,18,19
149,18,28
149,19,23
149,19,25
149,20,18
149,20,21
149,21,18
149,21,22
149,22,18
149,23,24
149,23,28
149,24,28
149,25,23
149,25,26
149,26,23
149,26,27
149,27,23
149,28,29
149,29,5
149,30,31
149,31,3
149,32,33
149,33,34
149,33,40
149,34,35
149,35,36
149,35,38
149,36,37
149,37,35
149,38,39
149,39,33
149,40,41
149,41,42
149,41,70
149,42,43
149,43,44
149,43,68
149,44,45
149,44,47
149,45,46
149,45,55
149,46,50
149,46,52
149,47,45
149,47,48
149,48,45
149,48,49
149,49,45
149,50,51
149,50,55
149,51,55
149,52,50
149,52,53
149,53,50
149,53,54
149,54,50
149,55,56
149,55,58
149,56,57
149,56,66
149,57,61
149,57,63
149,58,56
149,58,59
149,59,56
149,59,60
149,60,56
149,61,62
149,61,66
149,62,66
149,63,61
149,63,64
149,64,61
149,64,65
149,65,61
149,66,67
149,67,43
149,68,69
149,69,41
149,70,71
149,71,1
150,0,1
150,1,2
150,1,8
150,2,3
150,3,4
150,3,6
150,4,5
150,5,3
150,6,7
150,7,1
151,0,1
151,1,2
151,1,38
151,2,17
151,3,4
151,3,6
151,4,5
151,4,14
151,5,9
151,5,11
151,6,4
151,6,7
151,7,4
151,7,8
151,8,4
151,9,10
151,9,14
151,10,14
151,11,9
151,11,12
151,12,9
151,12,13
151,13,9
151,14,15
151,14,16
151,15,36
151,16,17
151,17,18
151,17,20
151,18,19
151,18,24
151,19,23
151,19,26
151,20,18
151,20,21
151,21,18
151,21,22
151,22,18
151,23,24
151,23,25
151,24,25
151,24,29
151,25,29
151,26,23
151,26,27
151,27,23
151,27,28
151,28,23
151,29,30
151,29,31
151,30,3
151,31,32
151,31,33
151,32,3
151,33,34
151,33,35
151,34,17
151,35,36
151,36,37
151,37,1
152,0,1
152,1,2
152,1,8
152,2,3
152,3,4
152,3,6
152,4,5
152,5,3
152,6,7
152,7,1
153,0,1
153,1,2
153,1,12
153,2,3
153,3,4
153,3,6
153,4,5
153,5,3
153,6,7
153,7,8
153,7,10
153,8,9
153,9,7
153,10,11
153,11,1
154,0,1
154,1,2
154,1,4
154,2,3
154,3,1
154,4,5
154,5,6
154,5,27
154,6,7
154,7,8
154,7,25
154,8,9
154,9,10
154,9,23
154,10,11
154,10,13
154,11,12
154,11,21
154,12,16
154,12,18
154,13,11
154,13,14
154,14,11
154,14,15
154,15,11
154,16,17
154,16,21
154,17,21
154,18,16
154,18,19
154,19,16
154,19,20
154,20,16
154,21,22
154,22,9
154,23,24
154,24,7
154,25,26
154,26,5
154,27,28
154,27,29
154,28,30
154,29,30
155,0,1
155,1,2
155,1,12
155,2,3
155,3,4
155,3,6
155,4,5
155,5,3
155,6,7
155,7,8
155,7,10
155,8,9
155,9,7
155,10,11
155,11,1
156,0,1
156,0,2
156,1,2
156,2,3
156,2,4
156,3,5
156,4,5
156,5,6
156,5,7
156,6,7
156,7,8
156,8,9
156,8,10
156,9,8
156,10,11
156,10,12
156,11,12
156,12,13
156,13,14
156,13,16
156,14,15
156,15,13
157,0,1
157,1,2
157,1,16
157,2,3
157,3,4
157,3,14
157,4,5
157,5,6
157,5,12
157,6,7
157,7,8
157,7,10
157,8,9
157,9,7
157,10,11
157,11,5
157,12,13
157,13,3
157,14,15
157,15,1
158,0,1
158,1,2
158,1,10
158,2,3
158,3,4
158,3,8
158,4,5
158,4,6
158,5,6
158,6,7
158,7,3
158,8,9
158,9,1
159,0,1
159,1,2
159,1,41
159,2,3
159,3,4
159,4,5
159,4,39
159,5,6
159,5,13
159,6,7
159,6,8
159,7,12
159,8,9
159,8,10
159,9,11
159,10,11
159,11,12
159,12,17
159,13,14
159,13,15
159,14,39
159,15,16
159,16,17
159,17,18
159,17,24
159,18,19
159,18,20
159,19,38
159,20,21
159,20,22
159,21,39
159,22,23
159,23,33
159,24,25
159,24,31
159,25,26
159,25,27
159,26,38
159,27,28
159,27,29
159,28,39
159,29,30
159,30,32
159,31,39
159,32,33
159,33,34
159,33,35
159,34,35
159,35,36
159,35,37
159,36,3
159,37,39
159,38,4
159,39,40
159,40,1
160,0,1
160,1,2
160,1,14
160,2,3
160,3,4
160,3,12
160,4,5
160,4,10
160,5,6
160,5,7
160,6,7
160,7,8
160,7,9
160,8,9
160,9,10
160,10,11
160,11,3
160,12,13
160,13,1
161,0,1
161,0,2
161,1,2
161,2,3
161,3,4
161,3,6
161,4,5
161,5,3
161,6,7
161,7,8
161,7,22
161,8,9
161,9,10
161,9,12
161,10,11
161,11,9
161,12,13
161,13,14
161,13,16
161,14,15
161,15,13
161,16,17
161,17,18
161,17,20
161,18,19
161,19,17
161,20,21
161,21,7
162,0,1
162,0,2
162,1,14
162,2,3
162,2,4
162,3,4
162,3,5
162,4,14
162,5,6
162,6,7
162,6,13
162,7,8
162,8,9
162,8,11
162,9,10
162,10,8
162,11,12
162,12,6
162,13,14
163,0,1
163,1,2
163,1,8
163,2,3
163,3,4
163,3,6
163,4,5
163,5,3
163,6,7
163,7,1
164,0,1
164,1,2
164,1,4
164,2,3
164,3,1
164,4,5
164,5,6
164,5,8
164,6,7
164,7,5
164,8,9
164,9,10
164,9,12
164,10,11
164,11,9
165,0,1
165,1,2
165,1,8
165,2,3
165,3,4
165,3,6
165,4,5
165,5,3
165,6,7
165,7,1
166,0,1
166,1,2
166,1,19
166,2,3
166,3,4
166,3,17
166,4,5
166,4,7
166,5,6
166,5,15
166,6,10
166,6,12
166,7,5
166,7,8
166,8,5
166,8,9
166,9,5
166,10,11
166,10,15
166,11,15
166,12,10
166,12,13
166,13,10
166,13,14
166,14,10
166,15,16
166,16,3
166,17,18
166,18,1
166,19,20
166,19,21
166,20,22
166,21,22
167,0,1
167,1,2
167,1,10
167,2,3
167,3,4
167,3,7
167,4,5
167,4,6
167,5,7
167,6,3
167,7,8
167,7,9
167,8,10
167,9,1
167,10,11
167,10,16
167,11,12
167,11,16
167,12,13
167,12,14
167,13,15
167,14,15
167,15,16
168,0,1
168,1,2
168,1,8
168,2,3
168,3,4
168,3,6
168,4,5
168,5,3
168,6,7
168,7,1
169,0,1
169,1,2
169,1,8
169,2,3
169,3,4
169,3,6
169,4,5
169,5,3
169,6,7
169,7,1
170,0,1
170,0,28
170,1,2
170,2,3
170,2,15
170,3,4
170,4,5
170,4,9
170,5,6
170,5,7
170,6,7
170,7,8
170,8,4
170,9,10
170,10,11
170,10,13
170,11,12
170,12,10
170,13,14
170,14,2
170,15,16
170,16,17
170,16,21
170,17,18
170,17,19
170,18,19
170,19,20
170,20,16
170,21,22
170,22,23
170,22,27
170,23,24
170,23,25
170,24,25
170,25,26
170,26,22
170,27,33
170,28,29
170,28,30
170,29,34
170,30,31
170,30,32
170,31,34
170,32,33
170,33,34
171,0,1
171,0,2
171,1,2
171,2,3
171,2,4
171,3,5
171,4,5
171,5,6
171,5,8
171,6,7
171,6,8
171,7,8
171,8,9
171,8,10
171,9,10
171,10,11
171,10,12
171,11,13
171,12,13
172,0,1
172,1,2
172,1,8
172,2,3
172,3,4
172,3,6
172,4,5
172,5,3
172,6,7
172,7,1
173,0,1
173,1,2
173,1,8
173,2,3
173,3,4
173,3,6
173,4,5
173,5,3
173,6,7
173,7,1
174,0,1
174,0,2
174,1,2
174,2,3
174,3,4
174,3,19
174,4,5
174,4,6
174,5,6
174,6,7
174,7,8
174,7,16
174,8,9
174,9,10
174,9,12
174,10,11
174,11,9
174,12,13
174,12,14
174,13,15
174,14,15
174,15,7
174,16,17
174,16,18
174,17,18
174,18,3
175,0,1
175,1,2
175,1,11
175,2,3
175,2,6
175,3,4
175,3,5
175,4,5
175,5,9
175,6,7
175,6,8
175,7,8
175,8,9
175,9,10
175,10,1
176,0,1
176,1,2
176,1,8
176,2,3
176,3,4
176,3,6
176,4,5
176,5,3
176,6,7
176,7,1
177,0,1
177,1,2
177,1,12
177,2,3
177,3,4
177,3,6
177,4,5
177,5,3
177,6,7
177,7,8
177,7,10
177,8,9
177,9,7
177,10,11
177,11,1
178,0,1
178,0,2
178,1,2
178,2,3
178,2,4
178,3,5
178,4,5
179,0,1
179,1,2
179,1,12
179,2,3
179,3,4
179,3,6
179,4,5
179,5,3
179,6,7
179,7,8
179,7,10
179,8,9
179,9,7
179,10,11
179,11,1
180,0,1
180,0,2
180,1,2
180,2,3
180,2,4
180,3,5
180,4,5
180,5,6
180,5,7
180,6,7
180,7,8
180,8,9
180,8,10
180,9,8
180,10,11
180,10,12
180,11,12
180,12,13
180,13,14
180,13,16
180,14,15
180,15,13
181,0,1
181,1,2
181,1,8
181,2,3
181,3,4
181,3,6
181,4,5
181,5,3
181,6,7
181,7,1
181,8,9
181,9,10
181,9,16
181,10,11
181,11,12
181,11,14
181,12,13
181,13,11
181,14,15
181,15,9
182,0,1
182,1,2
182,1,8
182,2,3
182,3,4
182,3,6
182,4,5
182,5,3
182,6,7
182,7,1
182,8,9
182,9,10
182,9,16
182,10,11
182,11,12
182,11,14
182,12,13
182,13,11
182,14,15
182,15,9
183,0,1
183,0,3
183,1,2
183,1,3
183,2,3
183,3,4
183,3,5
183,4,6
183,5,6
184,0,1
184,1,2
184,1,6
184,2,3
184,2,4
184,3,4
184,4,5
184,5,1
185,0,1
185,1,2
185,1,8
185,2,3
185,3,4
185,3,6
185,4,5
185,5,3
185,6,7
185,7,1
185,8,9
185,9,10
185,9,16
185,10,11
185,11,12
185,11,14
185,12,13
185,13,11
185,14,15
185,15,9
186,0,1
186,1,2
186,1,17
186,2,3
186,3,4
186,3,5
186,4,3
186,5,6
186,5,7
186,5,8
186,5,9
186,5,10
186,5,11
186,5,12
186,5,13
186,5,14
186,6,18
186,7,15
186,8,15
186,9,15
186,10,15
186,11,15
186,12,15
186,13,15
186,14,15
186,15,16
186,16,1
186,17,18
187,0,1
187,0,2
187,1,2
187,1,3
187,2,30
187,3,4
187,4,5
187,4,6
187,5,6
187,6,7
187,6,8
187,7,4
187,8,9
187,8,10
187,9,30
187,10,11
187,11,12
187,11,13
187,12,11
187,13,14
187,14,15
187,14,16
187,15,16
187,16,17
187,16,19
187,17,18
187,18,14
187,19,20
187,19,21
187,20,30
187,21,22
187,22,23
187,22,24
187,23,24
187,24,25
187,24,26
187,25,22
187,26,27
187,26,28
187,27,29
187,28,29
187,29,30
188,0,1
188,0,3
188,1,2
188,1,3
188,2,3
188,2,4
188,3,14
188,4,5
188,4,6
188,5,12
188,6,7
188,6,8
188,7,9
188,8,9
188,9,10
188,9,11
188,10,11
188,11,12
188,12,13
188,12,14
188,13,14
189,0,1
189,0,2
189,1,31
189,2,3
189,2,4
189,3,4
189,4,5
189,4,30
189,5,6
189,5,7
189,6,29
189,7,8
189,8,9
189,8,10
189,9,8
189,10,11
189,10,21
189,11,12
189,12,13
189,12,14
189,13,12
189,14,15
189,14,19
189,15,16
189,15,17
189,16,18
189,17,18
189,18,20
189,19,20
189,20,21
189,21,22
189,22,23
189,22,24
189,23,24
189,24,25
189,24,26
189,25,22
189,26,27
189,26,28
189,27,28
189,28,29
189,29,30
189,30,31
190,0,1
190,1,2
190,1,9
190,2,3
190,3,4
190,3,7
190,4,5
190,4,6
190,5,6
190,6,3
190,7,8
190,8,1
190,9,10
190,10,11
190,11,12
190,11,16
190,12,13
190,12,16
190,13,14
190,13,15
190,14,15
190,14,16
190,15,16
190,16,17
190,16,18
190,17,11
190,18,19
190,18,20
190,19,69
190,20,21
190,20,39
190,21,22
190,21,39
190,22,23
190,22,24
190,23,25
190,24,25
190,25,26
190,25,27
190,26,27
190,26,28
190,27,10
190,28,29
190,28,30
190,29,38
190,30,31
190,31,32
190,31,34
190,32,33
190,33,31
190,34,35
190,35,36
190,35,37
190,36,35
190,37,38
190,38,67
190,39,40
190,39,43
190,40,41
190,40,45
190,41,42
190,41,45
190,42,43
190,42,45
190,43,44
190,43,60
190,44,45
190,44,60
190,45,46
190,46,47
190,46,48
190,47,48
190,48,49
190,48,51
190,49,50
190,50,46
190,51,52
190,51,58
190,52,53
190,52,57
190,53,54
190,53,55
190,54,56
190,55,56
190,56,57
190,57,59
190,58,59
190,59,66
190,60,61
190,60,62
190,61,62
190,61,64
190,62,63
190,62,64
190,63,65
190,64,65
190,65,66
190,66,67
190,67,68
190,68,10
190,69,70
190,69,85
190,70,71
190,71,72
190,71,81
190,72,73
190,72,74
190,73,74
190,74,75
190,75,76
190,75,77
190,76,77
190,77,78
190,77,79
190,78,75
190,79,80
190,80,71
190,81,82
190,81,84
190,82,83
190,82,84
190,83,84
190,84,85
191,0,1
191,1,2
191,2,3
191,2,4
191,3,4
191,4,5
191,4,6
191,5,2
191,6,7
191,6,8
191,7,21
191,8,9
191,8,10
191,9,21
191,10,11
191,11,12
191,11,13
191,12,13
191,13,14
191,13,16
191,14,15
191,15,11
191,16,17
191,16,19
191,17,0
191,17,18
191,17,19
191,18,21
191,19,20
191,20,1
192,0,1
192,1,2
192,1,6
192,2,3
192,2,4
192,3,4
192,4,5
192,5,1
193,0,1
193,0,2
193,1,2
193,1,3
193,2,15
193,3,4
193,4,5
193,4,6
193,5,4
193,6,7
193,7,8
193,7,14
193,8,9
193,8,10
193,9,10
193,10,11
193,10,12
193,11,12
193,12,13
193,13,7
193,14,15
194,0,1
194,0,2
194,1,44
194,2,0
194,2,0
194,2,3
194,2,39
194,3,4
194,4,5
194,4,10
194,5,6
194,5,7
194,6,7
194,6,8
194,7,8
194,8,9
194,9,4
194,10,11
194,11,12
194,11,22
194,12,13
194,13,14
194,13,20
194,14,15
194,14,18
194,15,16
194,15,17
194,16,17
194,16,18
194,17,18
194,18,19
194,19,13
194,20,21
194,21,11
194,22,23
194,22,24
194,23,24
194,24,25
194,25,26
194,25,32
194,26,27
194,27,28
194,27,30
194,28,29
194,29,27
194,30,31
194,31,25
194,32,33
194,32,34
194,33,34
194,34,35
194,34,36
194,35,36
194,36,37
194,36,38
194,37,38
194,38,39
194,39,40
194,39,41
194,40,41
194,41,42
194,41,43
194,42,43
194,43,44
195,0,1
195,0,37
195,1,2
195,1,9
195,2,3
195,3,4
195,3,5
195,4,5
195,5,6
195,5,8
195,6,7
195,7,3
195,8,10
195,9,10
195,10,11
195,11,12
195,11,13
195,12,13
195,13,14
195,13,16
195,14,15
195,15,11
195,16,17
195,16,24
195,17,18
195,17,24
195,18,19
195,19,20
195,19,21
195,20,21
195,21,22
195,21,23
195,22,19
195,23,36
195,24,25
195,24,27
195,25,26
195,25,27
195,26,27
195,27,28
195,28,29
195,28,30
195,29,30
195,30,31
195,30,33
195,31,32
195,32,28
195,33,34
195,33,35
195,34,35
195,35,36
195,36,38
195,37,38
196,0,1
196,1,2
196,1,102
196,2,3
196,3,4
196,3,6
196,4,5
196,4,6
196,5,6
196,6,7
196,6,8
196,7,3
196,8,9
196,8,10
196,9,102
196,10,11
196,10,32
196,11,12
196,11,14
196,12,13
196,12,14
196,13,1
196,14,15
196,14,16
196,15,17
196,16,17
196,17,18
196,18,19
196,18,21
196,19,20
196,20,18
196,21,22
196,21,23
196,22,24
196,23,24
196,24,25
196,24,26
196,25,26
196,26,27
196,26,30
196,27,28
196,27,29
196,28,29
196,29,102
196,30,31
196,31,100
196,32,33
196,32,84
196,33,34
196,33,35
196,34,102
196,35,36
196,35,37
196,36,1
196,37,38
196,38,39
196,39,40
196,39,41
196,40,41
196,41,42
196,41,44
196,42,43
196,43,39
196,44,45
196,45,46
196,45,47
196,46,47
196,47,48
196,47,83
196,48,49
196,48,50
196,49,51
196,50,83
196,51,52
196,51,53
196,52,53
196,53,54
196,53,55
196,54,56
196,55,56
196,56,57
196,56,58
196,57,83
196,58,59
196,58,60
196,59,60
196,60,61
196,60,64
196,61,62
196,61,63
196,62,45
196,63,70
196,64,65
196,64,66
196,65,66
196,65,68
196,66,67
196,66,68
196,67,69
196,68,83
196,69,70
196,70,71
196,70,75
196,71,72
196,71,73
196,72,74
196,73,74
196,74,75
196,75,76
196,76,77
196,76,79
196,77,78
196,78,76
196,79,80
196,79,81
196,80,82
196,81,82
196,82,45
196,83,99
196,84,85
196,84,86
196,85,98
196,86,87
196,86,90
196,87,88
196,87,89
196,88,89
196,89,97
196,90,91
196,90,92
196,91,96
196,92,93
196,92,95
196,93,94
196,93,95
196,94,102
196,95,96
196,96,97
196,97,98
196,98,99
196,99,100
196,100,101
196,101,1
197,0,1
197,0,2
197,1,12
197,2,3
197,3,4
197,3,5
197,4,5
197,5,6
197,6,7
197,6,8
197,7,8
197,8,3
197,8,9
197,9,10
197,9,11
197,10,12
197,11,12
198,0,1
198,0,2
198,1,182
198,2,3
198,3,4
198,3,5
198,4,5
198,5,6
198,5,7
198,6,3
198,7,8
198,7,9
198,8,182
198,9,10
198,10,11
198,10,14
198,11,12
198,11,14
198,12,13
198,12,14
198,13,14
198,13,91
198,14,15
198,14,16
198,15,182
198,16,17
198,17,18
198,17,19
198,18,17
198,19,20
198,19,29
198,20,21
198,20,29
198,21,22
198,21,29
198,22,23
198,23,24
198,23,25
198,24,25
198,25,26
198,25,28
198,26,27
198,27,23
198,28,29
198,29,30
198,30,31
198,30,33
198,31,32
198,31,33
198,32,33
198,33,34
198,33,73
198,34,35
198,34,36
198,35,37
198,36,37
198,37,38
198,37,39
198,38,40
198,39,40
198,40,41
198,40,42
198,41,42
198,41,68
198,42,43
198,42,44
198,43,44
198,43,67
198,44,45
198,45,46
198,45,47
198,46,47
198,47,48
198,47,49
198,48,45
198,49,50
198,49,51
198,50,52
198,51,182
198,52,53
198,53,54
198,53,56
198,54,55
198,54,56
198,55,56
198,56,57
198,56,59
198,57,58
198,58,53
198,59,60
198,59,62
198,60,61
198,60,62
198,61,63
198,62,63
198,63,64
198,63,65
198,64,65
198,64,66
198,65,66
198,66,67
198,67,68
198,68,69
198,69,70
198,69,71
198,70,69
198,71,72
198,72,30
198,73,74
198,73,82
198,74,75
198,74,76
198,75,76
198,75,78
198,76,77
198,76,81
198,77,78
198,77,81
198,78,79
198,78,80
198,79,80
198,80,182
198,81,90
198,82,83
198,82,85
198,83,84
198,83,86
198,84,85
198,84,86
198,85,89
198,86,87
198,86,88
198,87,88
198,88,182
198,89,90
198,90,159
198,91,92
198,91,100
198,92,93
198,92,95
198,93,94
198,93,95
198,94,182
198,95,96
198,95,97
198,96,182
198,97,98
198,97,99
198,98,99
198,99,158
198,100,101
198,100,108
198,101,102
198,101,106
198,102,103
198,102,104
198,103,104
198,103,106
198,104,105
198,104,107
198,105,106
198,105,107
198,106,182
198,107,157
198,108,109
198,108,113
198,109,110
198,109,111
198,110,112
198,111,182
198,112,156
198,113,114
198,113,140
198,114,115
198,115,116
198,115,124
198,116,117
198,116,118
198,117,118
198,117,123
198,118,119
198,118,122
198,119,120
198,119,121
198,120,121
198,121,122
198,122,123
198,123,124
198,124,125
198,124,130
198,125,126
198,126,127
198,126,128
198,127,129
198,128,129
198,129,115
198,130,131
198,130,133
198,131,132
198,131,133
198,132,182
198,133,134
198,133,135
198,134,136
198,135,136
198,136,137
198,136,139
198,137,138
198,137,139
198,138,182
198,139,155
198,140,141
198,140,153
198,141,142
198,142,143
198,143,144
198,143,146
198,144,145
198,144,146
198,145,146
198,146,142
198,146,147
198,147,148
198,147,150
198,148,149
198,148,151
198,149,150
198,149,151
198,150,182
198,151,152
198,152,154
198,153,182
198,154,155
198,155,156
198,156,157
198,157,158
198,158,159
198,159,160
198,159,161
198,160,161
198,160,162
198,161,177
198,162,163
198,162,173
198,163,164
198,163,173
198,164,165
198,165,166
198,165,167
198,166,167
198,167,168
198,167,169
198,168,165
198,169,170
198,169,171
198,170,172
198,171,177
198,172,176
198,173,174
198,173,175
198,174,177
198,175,176
198,176,10
198,177,178
198,177,179
198,178,182
198,179,180
198,179,181
198,180,182
198,181,182
199,0,1
199,0,2
199,1,14
199,2,3
199,3,4
199,3,5
199,4,3
199,5,6
199,6,7
199,6,8
199,7,8
199,8,9
199,8,10
199,9,6
199,10,11
199,10,12
199,11,13
199,12,13
199,13,14
200,0,1
200,0,2
200,1,2
200,2,3
200,2,7
200,3,4
200,3,6
200,4,5
200,4,6
200,5,6
200,6,20
200,7,8
200,7,9
200,8,9
200,9,10
200,10,11
200,10,12
200,11,12
200,12,13
200,12,14
200,13,10
200,14,15
200,14,16
200,15,16
200,16,17
200,17,18
200,17,19
200,18,17
200,19,20
201,0,1
201,0,2
201,1,34
201,2,3
201,3,4
201,3,5
201,4,5
201,5,6
201,5,7
201,6,3
201,7,8
201,7,16
201,8,9
201,8,10
201,9,34
201,10,11
201,10,12
201,11,13
201,12,13
201,13,14
201,13,15
201,14,15
201,15,19
201,16,17
201,16,18
201,17,18
201,18,19
201,19,20
201,20,21
201,20,23
201,21,22
201,22,20
201,23,24
201,23,25
201,24,25
201,25,26
201,25,27
201,26,28
201,27,28
201,28,29
201,28,30
201,29,33
201,30,31
201,30,32
201,31,32
201,32,33
201,33,34
202,0,1
202,0,2
202,1,3
202,2,3
202,3,4
202,3,5
202,4,33
202,5,6
202,6,7
202,6,32
202,7,8
202,7,9
202,8,10
202,9,10
202,10,11
202,10,17
202,11,12
202,11,17
202,12,13
202,12,17
202,13,14
202,13,15
202,14,16
202,15,16
202,16,17
202,17,18
202,18,19
202,18,20
202,19,18
202,20,21
202,20,22
202,21,30
202,22,23
202,23,24
202,23,26
202,24,25
202,25,23
202,26,27
202,27,28
202,27,29
202,28,27
202,29,30
202,30,31
202,31,6
202,32,33
203,0,1
203,0,2
203,1,3
203,2,3
203,3,4
203,3,5
203,4,6
203,5,6
203,6,7
203,6,8
203,7,8
203,7,9
203,8,51
203,9,10
203,10,11
203,10,12
203,11,10
203,12,13
203,13,14
203,13,15
203,14,15
203,15,16
203,15,31
203,16,17
203,17,18
203,17,20
203,18,19
203,19,17
203,20,21
203,21,22
203,21,29
203,22,23
203,22,24
203,23,28
203,24,25
203,25,26
203,25,27
203,26,25
203,27,28
203,28,21
203,29,30
203,30,13
203,31,32
203,32,33
203,32,34
203,33,34
203,34,35
203,34,50
203,35,36
203,36,37
203,36,39
203,37,38
203,38,36
203,39,40
203,40,41
203,40,48
203,41,42
203,41,43
203,42,47
203,43,44
203,44,45
203,44,46
203,45,44
203,46,47
203,47,40
203,48,49
203,49,32
203,50,51
204,0,1
204,0,2
204,1,3
204,2,3
204,3,4
204,4,5
204,4,6
204,5,4
204,6,7
204,7,8
204,7,15
204,8,9
204,8,10
204,9,14
204,10,11
204,11,12
204,11,13
204,12,11
204,13,14
204,14,7
204,15,16
204,16,17
204,16,18
204,17,18
204,18,19
204,18,21
204,19,20
204,20,16
204,21,22
204,22,23
204,22,24
204,23,24
204,24,25
204,24,33
204,25,26
204,25,27
204,26,27
204,26,28
204,27,32
204,28,29
204,29,30
204,29,31
204,30,29
204,31,32
204,32,22
204,33,34
204,33,35
204,34,0
204,34,36
204,35,36
204,36,37
204,37,38
204,37,39
204,38,37
204,39,40
204,40,41
204,40,42
204,41,42
204,42,43
204,42,44
204,43,40
204,44,45
204,44,46
204,45,0
204,45,47
204,46,47
205,0,1
205,0,2
205,1,3
205,2,3
205,3,4
205,3,9
205,4,5
205,4,9
205,5,6
205,5,7
205,6,8
205,7,8
205,8,9
205,9,10
205,9,11
205,10,12
205,11,0
205,11,12
206,0,1
206,0,2
206,1,2
206,2,3
206,2,4
206,3,5
206,4,5
207,0,1
207,0,2
207,1,2
207,2,3
207,2,4
207,3,5
207,4,5
207,5,6
207,5,7
207,6,7
207,7,8
207,8,9
207,8,10
207,9,8
207,10,11
207,10,12
207,11,12
207,12,13
207,13,14
207,13,16
207,14,15
207,15,13
208,0,1
208,0,2
208,1,2
208,2,3
208,2,4
208,3,4
208,4,5
208,4,6
208,5,7
208,6,7
209,0,1
209,0,14
209,1,2
209,2,3
209,2,13
209,3,4
209,3,5
209,4,5
209,5,6
209,5,7
209,6,8
209,7,8
209,8,9
209,8,10
209,9,11
209,10,11
209,11,12
209,12,2
209,13,19
209,14,15
209,14,16
209,15,20
209,16,17
209,16,18
209,17,20
209,18,19
209,19,20
210,0,1
210,0,2
210,1,19
210,2,3
210,3,4
210,3,10
210,4,5
210,5,6
210,5,8
210,6,7
210,7,5
210,8,9
210,9,3
210,10,11
210,11,12
210,11,18
210,12,13
210,13,14
210,13,16
210,14,15
210,15,13
210,16,17
210,17,11
210,18,19
211,0,1
211,0,2
211,1,2
211,2,3
211,2,4
211,3,4
211,4,5
211,4,7
211,5,6
211,5,7
211,6,7
211,7,8
211,7,9
211,8,9
212,0,1
212,1,2
212,1,9
212,2,3
212,2,4
212,3,4
212,4,5
212,5,6
212,5,7
212,6,5
212,7,8
212,8,1
213,0,1
213,0,2
213,1,20
213,2,3
213,2,4
213,3,20
213,4,5
213,5,6
213,5,20
213,6,7
213,7,8
213,7,10
213,8,9
213,9,7
213,10,11
213,11,12
213,11,18
213,12,13
213,13,14
213,13,16
213,14,15
213,15,13
213,16,17
213,17,11
213,18,19
213,19,5
214,0,1
214,0,2
214,1,2
214,2,3
214,2,4
214,3,5
214,4,5
215,0,1
215,0,2
215,1,2
215,2,3
215,2,4
215,3,5
215,4,5
215,5,6
215,5,7
215,6,7
215,7,8
215,8,9
215,8,10
215,9,8
215,10,11
215,10,12
215,11,12
215,12,13
215,13,14
215,13,16
215,14,15
215,15,13
216,0,1
216,1,2
216,1,10
216,2,3
216,2,4
216,3,5
216,4,5
216,5,6
216,5,7
216,6,8
216,7,8
216,8,9
216,9,1
216,10,11
216,10,12
216,11,13
216,12,13
217,0,1
217,0,8
217,1,2
217,2,3
217,2,7
217,3,4
217,3,5
217,4,5
217,5,6
217,6,2
217,7,25
217,8,9
217,9,10
217,9,14
217,10,11
217,10,12
217,11,12
217,12,13
217,13,9
217,14,15
217,14,16
217,15,26
217,16,17
217,17,18
217,17,20
217,18,19
217,19,17
217,20,21
217,21,22
217,21,24
217,22,23
217,23,21
217,24,25
217,25,26
218,0,1
218,0,2
218,1,2
218,2,3
218,2,4
218,3,4
218,4,5
218,4,7
218,5,6
218,5,7
218,6,7
218,7,8
218,7,9
218,8,9
219,0,1
219,0,2
219,1,2
219,2,3
219,2,4
219,3,5
219,4,5
220,0,1
220,0,2
220,1,2
220,2,3
220,2,4
220,3,5
220,4,5
220,5,6
220,5,7
220,6,7
220,7,8
220,8,9
220,8,10
220,9,8
220,10,11
220,10,12
220,11,12
220,12,13
220,13,14
220,13,16
220,14,15
220,15,13
221,0,1
221,0,2
221,1,3
221,2,3
222,0,1
222,0,2
222,1,15
222,2,3
222,3,4
222,3,14
222,4,5
222,4,6
222,5,7
222,6,7
222,7,8
222,7,9
222,8,9
222,9,10
222,9,11
222,10,11
222,11,12
222,11,13
222,12,13
222,13,3
222,14,15
223,0,1
223,1,2
223,1,6
223,2,3
223,2,4
223,3,4
223,4,5
223,5,1
223,6,7
223,6,8
223,7,8
224,0,1
224,0,2
224,1,11
224,2,3
224,2,4
224,3,4
224,4,5
224,4,6
224,5,6
224,6,7
224,6,8
224,7,8
224,8,9
224,8,10
224,9,10
224,10,11
225,0,1
225,0,6
225,1,2
225,1,3
225,2,3
225,3,4
225,3,5
225,4,5
225,5,30
225,6,7
225,6,8
225,7,30
225,8,9
225,8,15
225,9,10
225,10,11
225,10,12
225,11,10
225,12,13
225,12,14
225,13,14
225,14,30
225,15,16
225,16,17
225,16,21
225,17,18
225,18,19
225,19,18
225,19,20
225,20,16
225,21,22
225,21,29
225,22,23
225,23,24
225,23,25
225,24,23
225,25,26
225,26,27
225,26,28
225,27,26
225,28,29
225,29,30
226,0,1
226,0,2
226,1,5
226,2,3
226,2,4
226,3,4
226,4,5
227,0,1
227,0,2
227,1,5
227,2,3
227,2,4
227,3,4
227,4,5
228,0,1
228,0,2
228,1,2
228,2,3
228,2,4
228,3,4
228,4,5
228,4,6
228,5,7
228,6,7
229,0,1
229,0,2
229,1,3
229,2,3
229,3,4
229,3,8
229,4,5
229,4,6
229,5,7
229,6,7
229,7,11
229,8,9
229,8,10
229,9,12
229,10,11
229,11,12
230,0,1
230,1,2
230,1,6
230,2,3
230,2,4
230,3,6
230,4,5
230,5,1
231,0,1
231,1,2
231,1,7
231,2,3
231,2,4
231,3,5
231,4,5
231,5,6
231,6,1
231,7,8
231,8,9
231,8,15
231,9,10
231,9,11
231,10,12
231,11,12
231,12,13
231,12,14
231,13,14
231,14,8
231,15,16
231,16,17
231,16,19
231,17,18
231,18,16
231,19,20
231,20,21
231,20,22
231,21,23
231,22,23
231,23,24
231,24,20
231,24,25
232,0,1
232,0,2
232,1,10
232,2,3
232,2,4
232,3,10
232,4,5
232,4,9
232,5,6
232,5,7
232,6,8
232,7,8
232,8,10
232,9,10
233,0,1
233,0,30
233,1,2
233,2,3
233,2,7
233,3,4
233,3,5
233,4,6
233,5,6
233,6,27
233,7,8
233,7,9
233,8,10
233,9,10
233,10,11
233,10,15
233,11,12
233,11,13
233,12,14
233,13,14
233,14,15
233,15,16
233,15,17
233,16,18
233,17,18
233,18,19
233,18,20
233,19,21
233,20,21
233,21,22
233,21,26
233,22,23
233,22,24
233,23,25
233,24,25
233,25,26
233,26,27
233,27,28
233,28,2
233,28,29
233,29,30
233,30,31
233,30,32
233,31,33
233,32,33
234,0,1
234,0,2
234,1,2
234,2,3
234,3,4
234,3,5
234,4,3
235,0,1
235,1,2
235,1,3
235,2,3
235,3,4
235,3,5
235,4,1
235,5,6
235,6,7
235,6,8
235,7,6
235,8,9
235,9,10
235,9,11
235,10,9
235,11,12
235,11,16
235,12,13
235,13,14
235,14,13
235,14,15
235,15,16
236,0,1
236,0,2
236,1,16
236,2,3
236,3,4
236,3,6
236,4,5
236,5,3
236,6,7
236,7,8
236,7,9
236,8,9
236,9,10
236,9,11
236,10,15
236,11,12
236,11,13
236,12,13
236,13,14
236,14,7
236,14,15
236,15,16
237,0,1
237,1,2
237,1,3
237,2,3
237,3,4
237,3,5
237,4,1
237,5,6
237,6,7
237,6,8
237,7,6
237,8,9
237,9,10
237,9,11
237,10,9
237,11,12
237,11,16
237,12,13
237,13,14
237,14,13
237,14,15
237,15,16
238,0,1
238,0,2
238,1,2
238,2,3
238,2,4
238,3,4
238,4,5
238,4,6
238,5,6
238,6,7
238,6,8
238,7,8
238,8,9
238,8,13
238,9,10
238,9,11
238,10,12
238,11,12
238,12,23
238,13,14
238,13,15
238,14,15
238,15,16
238,15,22
238,16,17
238,16,18
238,17,19
238,18,19
238,19,20
238,19,21
238,20,21
238,21,22
238,22,23
239,0,1
239,0,2
239,1,2
239,1,3
239,2,28
239,3,4
239,3,5
239,3,6
239,3,23
239,4,24
239,5,24
239,6,7
239,6,22
239,7,8
239,7,9
239,8,9
239,9,10
239,9,14
239,10,11
239,11,12
239,12,11
239,12,13
239,13,14
239,14,15
239,14,19
239,15,16
239,16,17
239,17,16
239,17,18
239,18,19
239,19,20
239,19,21
239,20,21
239,21,22
239,22,24
239,23,24
239,24,25
239,24,26
239,25,26
239,25,27
239,26,28
239,27,28
240,0,1
240,0,3
240,1,2
240,1,3
240,2,3
240,2,4
240,3,12
240,4,5
240,4,6
240,5,12
240,6,7
240,6,10
240,7,8
240,7,10
240,8,9
240,8,10
240,9,10
240,9,11
240,10,12
240,11,12
241,0,1
241,0,2
241,1,2
241,1,3
241,2,20
241,3,4
241,3,11
241,4,5
241,4,11
241,5,6
241,5,11
241,6,7
241,6,11
241,7,8
241,7,11
241,8,9
241,8,11
241,9,10
241,9,11
241,10,20
241,11,12
241,11,13
241,12,13
241,13,14
241,13,15
241,14,15
241,15,16
241,15,17
241,16,17
241,17,18
241,17,19
241,18,19
241,19,20
242,0,1
242,1,2
242,1,8
242,2,3
242,2,5
242,3,4
242,3,5
242,4,52
242,5,6
242,5,7
242,6,34
242,7,8
242,8,9
242,8,10
242,9,10
242,10,11
242,10,13
242,11,12
242,11,13
242,12,13
242,13,14
242,13,25
242,14,15
242,14,16
242,15,17
242,16,17
242,17,18
242,17,23
242,18,19
242,18,23
242,19,20
242,20,21
242,21,20
242,21,22
242,22,24
242,23,24
242,24,26
242,25,26
242,26,27
242,26,33
242,27,28
242,27,29
242,28,30
242,29,30
242,30,31
242,30,32
242,31,52
242,32,33
242,33,1
242,34,35
242,34,36
242,35,37
242,36,37
242,37,38
242,37,44
242,38,39
242,38,40
242,39,41
242,40,41
242,41,42
242,41,43
242,42,52
242,43,52
242,44,45
242,44,51
242,45,46
242,45,47
242,46,48
242,47,48
242,48,49
242,48,50
242,49,52
242,50,51
242,51,52
243,0,1
243,1,2
243,1,7
243,2,3
243,2,6
243,3,4
243,3,5
243,4,30
243,5,15
243,6,7
243,7,8
243,7,14
243,8,9
243,8,10
243,9,11
243,10,11
243,11,12
243,11,13
243,12,30
243,13,14
243,14,1
243,15,16
243,15,22
243,16,17
243,16,18
243,17,19
243,18,19
243,19,20
243,19,21
243,20,30
243,21,30
243,22,23
243,22,29
243,23,24
243,23,25
243,24,26
243,25,26
243,26,27
243,26,28
243,27,30
243,28,29
243,29,30
244,0,1
244,0,3
244,1,2
244,1,3
244,2,3
244,2,4
244,3,37
244,4,5
244,4,6
244,5,37
244,6,7
244,6,8
244,7,8
244,8,9
244,8,10
244,9,10
244,10,11
244,10,12
244,11,12
244,12,13
244,12,14
244,13,17
244,14,15
244,14,16
244,15,16
244,16,17
244,17,18
244,17,26
244,18,19
244,18,26
244,19,20
244,19,26
244,20,21
244,20,26
244,21,22
244,21,26
244,22,23
244,22,26
244,23,24
244,23,26
244,24,25
244,24,26
244,25,26
244,25,27
244,26,37
244,27,28
244,27,29
244,28,29
244,29,30
244,29,31
244,30,37
244,31,32
244,31,35
244,32,33
244,32,35
244,33,34
244,33,35
244,34,35
244,34,36
244,35,37
244,36,37
245,0,1
245,0,4
245,1,2
245,1,4
245,2,3
245,2,4
245,3,4
245,3,5
245,4,172
245,5,6
245,5,10
245,6,7
245,6,8
245,7,8
245,7,10
245,8,9
245,8,11
245,9,10
245,9,11
245,10,172
245,11,12
245,11,13
245,12,172
245,13,14
245,13,49
245,14,15
245,14,33
245,15,16
245,15,22
245,16,17
245,16,18
245,17,21
245,18,19
245,18,20
245,19,20
245,20,21
245,21,32
245,22,23
245,22,24
245,23,27
245,24,25
245,24,26
245,25,26
245,26,27
245,27,28
245,27,29
245,28,29
245,29,30
245,29,31
245,30,31
245,31,32
245,32,48
245,33,34
245,33,35
245,34,35
245,34,36
245,35,43
245,36,37
245,36,38
245,37,42
245,38,39
245,38,40
245,39,41
245,40,41
245,41,42
245,42,43
245,43,44
245,43,45
245,44,45
245,45,46
245,45,47
245,46,47
245,47,48
245,48,49
245,49,50
245,49,69
245,50,51
245,50,67
245,51,52
245,52,53
245,52,61
245,53,54
245,53,60
245,54,55
245,54,57
245,55,56
245,55,57
245,56,57
245,57,58
245,57,59
245,58,61
245,59,60
245,60,52
245,61,62
245,61,64
245,62,63
245,62,64
245,63,64
245,64,65
245,64,66
245,65,66
245,66,68
245,67,68
245,68,69
245,69,70
245,69,89
245,70,71
245,70,87
245,71,72
245,72,73
245,72,79
245,73,74
245,73,76
245,74,75
245,74,76
245,75,76
245,76,77
245,76,78
245,77,81
245,78,79
245,79,80
245,80,72
245,80,81
245,81,82
245,81,84
245,82,83
245,82,84
245,83,84
245,84,85
245,84,86
245,85,86
245,86,88
245,87,88
245,88,89
245,89,90
245,89,109
245,90,91
245,90,107
245,91,92
245,92,93
245,92,99
245,93,94
245,93,96
245,94,95
245,94,96
245,95,96
245,96,97
245,96,98
245,97,101
245,98,99
245,99,100
245,100,92
245,100,101
245,101,102
245,101,104
245,102,103
245,102,104
245,103,104
245,104,105
245,104,106
245,105,106
245,106,108
245,107,108
245,108,109
245,109,110
245,109,118
245,110,111
245,110,116
245,111,112
245,111,113
245,112,113
245,113,114
245,113,115
245,114,115
245,115,117
245,116,117
245,117,118
245,118,119
245,118,122
245,119,120
245,119,121
245,120,172
245,121,127
245,122,123
245,122,126
245,123,124
245,123,126
245,124,125
245,124,126
245,125,172
245,126,127
245,127,128
245,127,130
245,128,129
245,128,130
245,129,172
245,130,131
245,130,134
245,131,132
245,131,134
245,132,133
245,132,162
245,133,134
245,133,162
245,134,135
245,134,136
245,135,140
245,136,137
245,136,138
245,137,139
245,138,139
245,139,140
245,140,141
245,140,142
245,141,142
245,141,143
245,142,143
245,143,144
245,143,145
245,144,145
245,144,148
245,145,146
245,145,147
245,146,147
245,147,172
245,148,149
245,148,161
245,149,150
245,149,151
245,150,158
245,151,152
245,151,157
245,152,153
245,152,156
245,153,154
245,153,155
245,154,155
245,155,156
245,156,157
245,157,158
245,158,159
245,158,160
245,159,172
245,160,161
245,161,162
245,162,163
245,162,164
245,163,172
245,164,165
245,164,166
245,165,172
245,166,167
245,166,168
245,167,169
245,168,169
245,169,170
245,169,171
245,170,171
245,171,172
246,0,1
246,0,2
246,1,2
246,1,3
246,2,20
246,3,4
246,3,5
246,4,5
246,5,6
246,5,9
246,6,7
246,6,9
246,7,8
246,7,9
246,8,9
246,8,10
246,9,20
246,10,11
246,10,12
246,11,12
246,11,17
246,12,13
246,12,17
246,13,14
246,13,16
246,14,15
246,14,16
246,15,16
246,16,17
246,17,18
246,17,19
246,18,19
246,19,20
247,0,1
247,0,2
247,1,2
247,1,3
247,2,11
247,3,4
247,3,5
247,4,11
247,5,6
247,6,7
247,6,8
247,7,8
247,8,9
247,9,6
247,9,10
247,10,11
248,0,1
248,0,4
248,1,2
248,1,4
248,2,3
248,2,4
248,3,4
248,3,5
248,4,11
248,5,6
248,5,7
248,6,7
248,7,8
248,7,9
248,8,10
248,9,10
248,10,11
249,0,1
249,1,2
249,1,8
249,2,3
249,2,5
249,3,4
249,3,5
249,4,58
249,5,6
249,5,7
249,6,43
249,7,8
249,8,9
249,8,29
249,9,10
249,9,29
249,10,11
249,10,28
249,11,12
249,11,28
249,12,13
249,12,28
249,13,14
249,14,15
249,15,16
249,15,24
249,16,17
249,16,24
249,17,18
249,17,24
249,18,19
249,18,24
249,19,20
249,19,24
249,20,21
249,20,24
249,21,22
249,21,24
249,22,23
249,22,24
249,23,24
249,24,14
249,24,25
249,25,26
249,25,27
249,26,27
249,27,28
249,28,29
249,29,30
249,29,34
249,30,31
249,30,32
249,31,33
249,32,33
249,33,35
249,34,35
249,35,36
249,35,42
249,36,37
249,36,38
249,37,39
249,38,39
249,39,40
249,39,41
249,40,58
249,41,42
249,42,1
249,43,44
249,43,50
249,44,45
249,44,46
249,45,47
249,46,47
249,47,48
249,47,49
249,48,58
249,49,58
249,50,51
249,50,57
249,51,52
249,51,53
249,52,54
249,53,54
249,54,55
249,54,56
249,55,58
249,56,57
249,57,58
250,0,1
250,0,3
250,1,2
250,1,3
250,2,3
250,2,4
250,3,22
250,4,5
250,4,8
250,5,6
250,5,7
250,6,7
250,6,8
250,7,8
250,7,9
250,8,22
250,9,10
250,9,11
250,10,11
250,11,12
250,11,15
250,12,13
250,12,14
250,13,14
250,14,15
250,15,16
250,16,17
250,16,21
250,17,18
250,18,19
250,19,18
250,19,20
250,20,16
250,21,22
251,0,1
251,1,2
251,1,8
251,2,3
251,2,5
251,3,4
251,3,5
251,4,69
251,5,6
251,5,7
251,6,49
251,7,8
251,8,9
251,8,10
251,9,10
251,10,11
251,10,19
251,11,12
251,11,19
251,12,13
251,12,19
251,13,14
251,13,18
251,14,15
251,14,17
251,15,16
251,15,18
251,16,17
251,16,18
251,17,18
251,18,19
251,19,20
251,19,37
251,20,21
251,20,37
251,21,22
251,21,23
251,22,24
251,23,24
251,24,25
251,25,26
251,25,27
251,26,27
251,27,28
251,28,25
251,28,29
251,29,30
251,29,36
251,30,31
251,30,32
251,31,33
251,32,33
251,33,34
251,33,35
251,34,69
251,35,36
251,36,48
251,37,38
251,37,46
251,38,39
251,38,43
251,39,40
251,39,41
251,40,42
251,41,42
251,42,43
251,43,44
251,43,45
251,44,69
251,45,47
251,46,47
251,47,48
251,48,1
251,49,50
251,49,51
251,50,51
251,51,52
251,51,53
251,52,54
251,53,54
251,54,55
251,54,61
251,55,56
251,55,57
251,56,58
251,57,58
251,58,59
251,58,60
251,59,69
251,60,69
251,61,62
251,61,68
251,62,63
251,62,64
251,63,65
251,64,65
251,65,66
251,65,67
251,66,69
251,67,68
251,68,69
252,0,1
252,0,2
252,1,2
252,2,3
252,3,4
252,3,10
252,4,5
252,4,7
252,5,6
252,5,7
252,6,41
252,7,8
252,7,9
252,8,26
252,9,10
252,10,11
252,10,12
252,11,12
252,11,18
252,12,13
252,12,14
252,13,15
252,14,15
252,15,16
252,15,17
252,16,41
252,17,18
252,18,19
252,18,25
252,19,20
252,19,21
252,20,22
252,21,22
252,22,23
252,22,24
252,23,41
252,24,25
252,25,3
252,26,27
252,26,33
252,27,28
252,27,29
252,28,30
252,29,30
252,30,31
252,30,32
252,31,41
252,32,41
252,33,34
252,33,40
252,34,35
252,34,36
252,35,37
252,36,37
252,37,38
252,37,39
252,38,41
252,39,40
252,40,41
253,0,1
253,1,2
253,1,7
253,2,3
253,2,5
253,3,4
253,3,5
253,4,18
253,5,6
253,6,1
253,7,8
253,7,10
253,8,9
253,8,10
253,9,10
253,9,11
253,10,18
253,11,12
253,12,13
253,12,17
253,13,14
253,13,15
253,14,18
253,15,16
253,16,12
253,17,18
254,0,1
254,0,2
254,1,2
254,2,3
254,2,4
254,3,7
254,4,5
254,4,6
254,5,6
254,6,7
255,0,1
255,0,2
255,1,2
255,2,3
255,2,4
255,3,7
255,4,5
255,4,6
255,5,6
255,6,7
256,0,1
256,1,2
256,1,15
256,2,3
256,3,4
256,3,5
256,4,6
256,5,6
256,6,7
256,7,3
256,7,8
256,8,9
256,9,10
256,9,11
256,10,12
256,11,12
256,12,13
256,13,9
256,13,14
256,14,15
256,15,16
256,15,17
256,16,28
256,17,18
256,17,24
256,18,19
256,19,20
256,19,23
256,20,21
256,20,22
256,21,23
256,22,19
256,23,24
256,24,25
256,25,26
256,25,27
256,26,27
256,27,1
256,27,28
256,28,29
256,28,39
256,29,30
256,29,33
256,30,31
256,30,32
256,31,32
256,32,38
256,33,34
256,33,37
256,34,35
256,34,36
256,35,36
256,36,37
256,37,38
256,38,39
257,0,1
257,0,2
257,1,2
257,2,3
257,2,4
257,3,6
257,4,5
257,4,6
257,5,6
258,0,1
258,1,2
258,1,4
258,2,3
258,3,1
258,4,5
258,5,6
258,5,16
258,6,7
258,6,8
258,7,8
258,8,9
258,8,10
258,9,15
258,10,11
258,10,12
258,11,12
258,12,13
258,12,14
258,13,14
258,14,15
258,15,5
258,16,17
258,16,18
258,17,35
258,18,19
258,19,20
258,20,21
258,20,22
258,21,20
258,22,23
258,23,19
258,23,24
258,24,25
258,25,26
258,25,35
258,26,27
258,27,28
258,27,33
258,28,29
258,28,30
258,29,27
258,30,31
258,30,32
258,31,32
258,32,27
258,33,34
258,34,25
259,0,1
259,1,2
259,1,4
259,2,3
259,3,1
259,4,5
259,5,6
259,5,10
259,6,7
259,6,8
259,7,9
259,8,9
259,9,5
260,0,1
260,0,2
260,1,10
260,2,3
260,3,4
260,3,9
260,4,5
260,4,6
260,4,7
260,5,8
260,6,8
260,7,8
260,8,3
260,9,10
261,0,1
261,0,4
261,1,2
261,1,3
261,2,3
261,3,4
261,4,5
261,4,7
261,5,6
261,5,7
261,6,7
261,7,8
261,7,9
261,8,14
261,9,10
261,9,11
261,10,14
261,11,12
261,11,13
261,12,14
261,13,14
262,0,1
262,0,2
262,1,14
262,2,3
262,2,5
262,3,4
262,3,5
262,4,14
262,5,6
262,5,7
262,6,7
262,7,8
262,7,9
262,8,13
262,9,10
262,9,11
262,10,12
262,11,12
262,12,13
262,13,14
263,0,1
263,0,2
263,1,2
263,2,3
263,2,4
263,3,5
263,4,5
264,0,1
264,0,3
264,1,2
264,1,3
264,2,3
264,2,4
264,3,16
264,4,5
264,4,8
264,5,6
264,5,8
264,6,7
264,6,8
264,7,8
264,7,9
264,8,16
264,9,10
264,9,11
264,10,11
264,11,12
264,11,13
264,12,13
264,13,14
264,13,15
264,14,16
264,15,16
265,0,1
265,0,2
265,1,2
265,1,3
265,2,362
265,3,4
265,3,5
265,4,6
265,5,6
265,6,7
265,7,8
265,7,35
265,7,74
265,7,212
265,7,353
265,7,358
265,7,359
265,8,9
265,8,12
265,9,10
265,10,11
265,11,360
265,12,13
265,13,14
265,14,15
265,14,24
265,15,16
265,16,17
265,17,18
265,17,21
265,18,19
265,18,20
265,19,361
265,20,21
265,21,22
265,22,23
265,23,14
265,24,25
265,25,26
265,26,27
265,27,28
265,27,29
265,27,30
265,27,31
265,27,32
265,28,32
265,29,32
265,30,32
265,31,32
265,32,33
265,33,34
265,34,360
265,35,36
265,36,37
265,37,38
265,38,39
265,39,40
265,39,49
265,40,41
265,41,42
265,42,43
265,42,46
265,43,44
265,43,45
265,44,361
265,45,46
265,46,47
265,47,48
265,48,39
265,49,50
265,50,51
265,50,52
265,51,360
265,52,53
265,53,54
265,54,55
265,55,56
265,55,73
265,56,57
265,57,58
265,57,61
265,58,59
265,58,60
265,59,361
265,60,61
265,61,62
265,62,63
265,63,64
265,63,67
265,64,65
265,64,66
265,65,361
265,66,67
265,67,68
265,68,69
265,68,70
265,69,70
265,70,71
265,70,72
265,71,72
265,72,55
265,73,360
265,74,75
265,75,76
265,76,77
265,76,86
265,77,78
265,78,79
265,79,80
265,79,83
265,80,81
265,80,82
265,81,361
265,82,83
265,83,84
265,84,85
265,85,76
265,86,87
265,87,88
265,88,89
265,89,90
265,90,91
265,91,92
265,92,93
265,93,94
265,93,95
265,94,95
265,94,96
265,95,360
265,96,97
265,97,98
265,97,114
265,98,99
265,99,100
265,100,101
265,100,110
265,101,102
265,102,103
265,103,104
265,103,107
265,104,105
265,104,106
265,105,361
265,106,107
265,107,108
265,108,109
265,109,100
265,110,111
265,111,112
265,112,113
265,113,97
265,114,115
265,115,116
265,115,117
265,116,115
265,117,118
265,117,119
265,118,360
265,119,120
265,120,121
265,120,203
265,121,122
265,122,123
265,122,124
265,123,133
265,124,125
265,125,126
265,126,127
265,126,130
265,127,128
265,127,129
265,128,361
265,129,130
265,130,131
265,131,132
265,132,122
265,133,134
265,133,137
265,134,135
265,135,136
265,136,202
265,137,138
265,137,158
265,138,139
265,139,140
265,140,141
265,140,150
265,141,142
265,142,143
265,143,144
265,143,147
265,144,145
265,144,146
265,145,361
265,146,147
265,147,148
265,148,149
265,149,140
265,150,151
265,151,152
265,152,153
265,153,154
265,153,155
265,154,203
265,155,156
265,156,157
265,157,196
265,158,159
265,158,177
265,159,160
265,160,161
265,161,162
265,161,171
265,162,163
265,163,164
265,164,165
265,164,168
265,165,166
265,165,167
265,166,361
265,167,168
265,168,169
265,169,170
265,170,161
265,171,172
265,172,173
265,173,174
265,174,175
265,175,176
265,176,195
265,177,178
265,178,179
265,179,180
265,179,189
265,180,181
265,181,182
265,182,183
265,182,186
265,183,184
265,183,185
265,184,361
265,185,186
265,186,187
265,187,188
265,188,179
265,189,190
265,190,191
265,191,192
265,192,193
265,193,194
265,194,195
265,195,196
265,196,197
265,196,198
265,197,203
265,198,199
265,199,200
265,199,201
265,200,199
265,201,202
265,202,120
265,203,204
265,203,205
265,204,360
265,205,206
265,205,207
265,206,360
265,207,208
265,207,209
265,208,360
265,209,210
265,209,211
265,210,360
265,211,212
265,212,213
265,212,221
265,213,214
265,213,221
265,214,215
265,215,216
265,216,217
265,216,218
265,217,218
265,218,219
265,219,220
265,220,360
265,221,222
265,222,223
265,222,224
265,223,233
265,224,225
265,225,226
265,226,227
265,226,230
265,227,228
265,227,229
265,228,361
265,229,230
265,230,231
265,231,232
265,232,222
265,233,234
265,233,250
265,234,235
265,234,250
265,235,236
265,236,237
265,236,238
265,237,247
265,238,239
265,239,240
265,240,241
265,240,244
265,241,242
265,241,243
265,242,361
265,243,244
265,244,245
265,245,246
265,246,236
265,247,248
265,248,249
265,249,250
265,250,251
265,251,252
265,252,253
265,252,260
265,253,254
265,254,255
265,254,258
265,255,256
265,255,257
265,256,361
265,257,258
265,258,259
265,259,360
265,260,261
265,260,262
265,261,360
265,262,263
265,262,264
265,263,360
265,264,265
265,264,281
265,265,266
265,266,267
265,267,268
265,267,277
265,268,269
265,269,270
265,270,271
265,270,274
265,271,272
265,271,273
265,272,361
265,273,274
265,274,275
265,275,276
265,276,267
265,277,278
265,278,279
265,279,280
265,280,281
265,281,282
265,282,283
265,282,284
265,283,293
265,284,285
265,285,286
265,286,287
265,286,290
265,287,288
265,287,289
265,288,361
265,289,290
265,290,291
265,291,292
265,292,282
265,293,294
265,293,309
265,294,295
265,295,296
265,295,297
265,296,306
265,297,298
265,298,299
265,299,300
265,299,303
265,300,301
265,300,302
265,301,361
265,302,303
265,303,304
265,304,305
265,305,295
265,306,307
265,307,308
265,308,309
265,309,310
265,310,311
265,311,312
265,311,313
265,312,360
265,313,314
265,313,330
265,314,315
265,315,316
265,316,317
265,316,326
265,317,318
265,318,319
265,319,320
265,319,323
265,320,321
265,320,322
265,321,361
265,322,323
265,323,324
265,324,325
265,325,316
265,326,327
265,327,328
265,328,329
265,329,330
265,330,331
265,330,332
265,331,333
265,332,333
265,333,334
265,333,335
265,334,360
265,335,336
265,336,337
265,337,338
265,337,341
265,338,339
265,338,340
265,339,361
265,340,341
265,341,342
265,342,343
265,342,344
265,343,345
265,344,345
265,345,346
265,345,347
265,346,347
265,347,348
265,348,349
265,349,348
265,349,350
265,350,351
265,351,336
265,351,352
265,352,360
265,353,354
265,353,357
265,354,355
265,354,356
265,355,356
265,356,357
265,357,361
265,358,361
265,359,361
265,360,7
265,361,362
266,0,1
266,0,5
266,1,2
266,1,5
266,2,3
266,2,5
266,3,4
266,3,5
266,4,5
266,4,6
266,5,18
266,6,7
266,6,8
266,7,18
266,8,9
266,8,12
266,9,10
266,9,11
266,10,18
266,11,12
266,12,13
266,12,15
266,13,14
266,13,15
266,14,15
266,15,16
266,15,17
266,16,17
266,17,18
267,0,1
267,0,3
267,1,2
267,1,3
267,2,3
267,2,4
267,3,7
267,4,5
267,4,6
267,5,6
267,6,7
268,0,1
268,1,2
268,1,3
268,2,3
268,3,4
268,4,5
268,4,6
268,5,77
268,6,7
268,6,71
268,7,8
268,7,11
268,8,9
268,8,10
268,9,10
268,10,11
268,11,12
268,11,13
268,12,13
268,13,14
268,14,15
268,14,67
268,15,16
268,15,19
268,16,17
268,16,18
268,17,18
268,18,19
268,19,20
268,19,58
268,20,21
268,20,24
268,21,22
268,21,23
268,22,81
268,23,24
268,24,25
268,24,31
268,25,26
268,25,30
268,26,27
268,27,28
268,28,27
268,28,29
268,29,30
268,30,50
268,31,32
268,31,43
268,32,33
268,32,42
268,33,34
268,34,35
268,35,34
268,35,36
268,36,37
268,36,41
268,37,38
268,38,39
268,39,38
268,39,40
268,40,41
268,41,42
268,42,49
268,43,44
268,43,48
268,44,45
268,45,46
268,46,45
268,46,47
268,47,48
268,48,49
268,49,50
268,50,51
268,51,52
268,51,53
268,52,51
268,53,54
268,53,57
268,54,55
268,54,56
268,55,56
268,56,57
268,57,66
268,58,59
268,59,60
268,60,59
268,60,61
268,61,62
268,61,65
268,62,63
268,62,64
268,63,64
268,64,65
268,65,66
268,66,70
268,67,68
268,67,69
268,68,14
268,69,81
268,70,76
268,71,72
268,71,73
268,72,4
268,73,74
268,73,75
268,74,81
268,75,81
268,76,77
268,77,78
268,78,79
268,78,80
268,79,80
268,80,1
268,80,81
268,81,82
268,81,83
268,82,84
268,83,84
268,84,85
268,84,86
268,85,87
268,86,87
269,0,1
269,0,2
269,1,2
269,1,3
269,2,9
269,3,4
269,3,6
269,4,5
269,4,6
269,5,6
269,6,7
269,6,8
269,7,8
269,8,9
270,0,1
270,0,3
270,1,2
270,1,3
270,2,3
270,2,4
270,3,15
270,4,5
270,4,6
270,5,15
270,6,7
270,6,8
270,7,8
270,8,9
270,8,10
270,9,10
270,10,11
270,10,12
270,11,15
270,12,13
270,12,14
270,13,14
270,14,15
271,0,1
271,0,5
271,1,2
271,1,5
271,2,3
271,2,5
271,3,4
271,3,6
271,4,5
271,4,6
271,5,588
271,6,7
271,6,8
271,7,8
271,8,9
271,9,10
271,10,11
271,11,12
271,11,47
271,11,69
271,11,87
271,11,105
271,11,128
271,11,145
271,11,166
271,11,187
271,11,205
271,11,217
271,11,222
271,11,226
271,11,253
271,11,271
271,11,272
271,11,281
271,11,300
271,11,320
271,11,399
271,11,400
271,11,439
271,11,453
271,11,478
271,11,492
271,11,514
271,11,517
271,11,541
271,11,558
271,11,559
271,11,560
271,11,561
271,11,562
271,12,13
271,12,14
271,13,563
271,14,15
271,15,16
271,16,17
271,16,22
271,17,18
271,18,19
271,18,20
271,19,564
271,20,21
271,21,16
271,22,23
271,23,24
271,23,30
271,24,25
271,24,30
271,25,26
271,26,27
271,27,28
271,28,29
271,29,563
271,30,31
271,30,32
271,31,32
271,32,33
271,32,34
271,33,34
271,33,35
271,34,563
271,35,36
271,35,37
271,36,563
271,37,38
271,38,39
271,39,40
271,39,41
271,40,44
271,41,42
271,41,43
271,42,563
271,43,44
271,44,45
271,45,46
271,46,563
271,47,48
271,48,49
271,49,50
271,49,55
271,50,51
271,51,52
271,51,53
271,52,564
271,53,54
271,54,49
271,55,56
271,56,57
271,56,58
271,57,563
271,58,59
271,58,60
271,59,563
271,60,61
271,60,62
271,61,62
271,62,63
271,62,66
271,63,64
271,64,65
271,65,66
271,66,67
271,67,68
271,68,69
271,69,70
271,70,71
271,71,72
271,71,77
271,72,73
271,73,74
271,73,75
271,74,564
271,75,76
271,76,71
271,77,78
271,78,79
271,78,80
271,79,80
271,80,81
271,80,84
271,81,82
271,82,83
271,83,84
271,84,85
271,85,86
271,86,87
271,87,88
271,88,89
271,89,90
271,89,95
271,90,91
271,91,92
271,91,93
271,92,564
271,93,94
271,94,89
271,95,96
271,96,97
271,96,98
271,97,98
271,98,99
271,98,102
271,99,100
271,100,101
271,101,102
271,102,103
271,103,104
271,104,105
271,105,106
271,105,124
271,106,107
271,107,108
271,108,109
271,108,114
271,109,110
271,110,111
271,110,112
271,111,564
271,112,113
271,113,108
271,114,115
271,115,116
271,115,117
271,116,117
271,117,118
271,117,121
271,118,119
271,119,120
271,120,121
271,121,122
271,122,123
271,123,127
271,124,125
271,124,126
271,125,126
271,126,127
271,127,128
271,128,129
271,128,144
271,129,130
271,129,131
271,130,131
271,131,132
271,131,141
271,132,133
271,132,138
271,133,134
271,133,138
271,134,135
271,134,136
271,135,137
271,136,137
271,137,138
271,138,139
271,138,140
271,139,140
271,140,141
271,141,142
271,141,143
271,142,564
271,143,144
271,144,145
271,145,146
271,145,162
271,146,147
271,146,148
271,147,564
271,148,149
271,149,150
271,149,153
271,150,151
271,150,153
271,151,152
271,151,153
271,152,153
271,153,154
271,154,155
271,154,156
271,155,156
271,156,149
271,156,157
271,157,158
271,157,159
271,158,159
271,159,160
271,159,161
271,160,564
271,161,165
271,162,163
271,162,164
271,163,164
271,164,165
271,165,166
271,166,167
271,166,183
271,167,168
271,167,169
271,168,564
271,169,170
271,170,171
271,170,174
271,171,172
271,171,174
271,172,173
271,172,174
271,173,174
271,174,175
271,175,176
271,175,177
271,176,177
271,177,170
271,177,178
271,178,179
271,178,180
271,179,180
271,180,181
271,180,182
271,181,564
271,182,186
271,183,184
271,183,185
271,184,185
271,185,186
271,186,187
271,187,188
271,187,202
271,188,189
271,189,190
271,190,191
271,190,196
271,191,192
271,192,193
271,192,194
271,193,564
271,194,195
271,195,190
271,196,197
271,197,198
271,197,199
271,198,563
271,199,200
271,200,201
271,201,202
271,202,203
271,202,204
271,203,204
271,204,563
271,205,206
271,206,207
271,207,208
271,207,213
271,208,209
271,209,210
271,209,211
271,210,564
271,211,212
271,212,207
271,213,214
271,214,215
271,215,216
271,216,217
271,217,218
271,217,221
271,218,219
271,219,220
271,220,588
271,221,222
271,222,223
271,222,224
271,223,224
271,223,225
271,224,564
271,225,226
271,226,227
271,226,230
271,227,228
271,228,229
271,229,563
271,230,231
271,231,232
271,232,233
271,232,238
271,233,234
271,234,235
271,234,236
271,235,564
271,236,237
271,237,232
271,238,239
271,239,240
271,240,241
271,241,242
271,241,243
271,241,248
271,241,249
271,241,250
271,242,250
271,243,244
271,243,247
271,244,245
271,245,246
271,246,564
271,247,250
271,248,250
271,249,250
271,250,251
271,251,252
271,252,563
271,253,254
271,254,255
271,255,256
271,256,257
271,257,258
271,257,263
271,258,259
271,259,260
271,259,261
271,260,564
271,261,262
271,262,257
271,263,264
271,264,265
271,264,266
271,265,563
271,266,267
271,267,268
271,268,269
271,268,270
271,269,564
271,270,271
271,271,272
271,272,273
271,272,280
271,273,274
271,273,275
271,274,275
271,275,276
271,275,277
271,276,277
271,277,278
271,277,279
271,278,564
271,279,563
271,280,563
271,281,282
271,282,283
271,283,284
271,283,289
271,284,285
271,285,286
271,285,287
271,286,564
271,287,288
271,288,283
271,289,290
271,290,291
271,291,292
271,292,293
271,293,294
271,294,295
271,295,296
271,296,297
271,296,298
271,297,298
271,297,299
271,298,563
271,299,300
271,300,301
271,301,302
271,301,314
271,302,303
271,303,304
271,304,305
271,304,310
271,305,306
271,306,307
271,306,308
271,307,564
271,308,309
271,309,304
271,310,311
271,311,312
271,312,313
271,313,301
271,314,315
271,315,316
271,315,317
271,316,315
271,317,318
271,317,319
271,318,563
271,319,320
271,320,321
271,321,322
271,321,388
271,322,323
271,323,324
271,323,325
271,324,330
271,325,326
271,326,327
271,326,328
271,327,564
271,328,329
271,329,323
271,330,331
271,330,334
271,331,332
271,332,333
271,333,387
271,334,335
271,334,351
271,335,336
271,336,337
271,337,338
271,337,343
271,338,339
271,339,340
271,339,341
271,340,564
271,341,342
271,342,337
271,343,344
271,344,345
271,345,346
271,346,347
271,346,348
271,347,388
271,348,349
271,349,350
271,350,381
271,351,352
271,351,366
271,352,353
271,353,354
271,354,355
271,354,360
271,355,356
271,356,357
271,356,358
271,357,564
271,358,359
271,359,354
271,360,361
271,361,362
271,362,363
271,363,364
271,364,365
271,365,380
271,366,367
271,367,368
271,368,369
271,368,374
271,369,370
271,370,371
271,370,372
271,371,564
271,372,373
271,373,368
271,374,375
271,375,376
271,376,377
271,377,378
271,378,379
271,379,380
271,380,381
271,381,382
271,381,383
271,382,388
271,383,384
271,384,385
271,384,386
271,385,384
271,386,387
271,387,321
271,388,389
271,388,390
271,389,563
271,390,391
271,390,392
271,391,563
271,392,393
271,392,394
271,393,563
271,394,395
271,394,396
271,395,563
271,396,397
271,396,398
271,397,564
271,398,399
271,399,400
271,400,401
271,400,409
271,401,402
271,401,409
271,402,403
271,403,404
271,404,405
271,405,406
271,406,407
271,406,408
271,407,408
271,408,563
271,409,410
271,410,411
271,410,412
271,411,417
271,412,413
271,413,414
271,413,415
271,414,564
271,415,416
271,416,410
271,417,418
271,417,430
271,418,419
271,418,430
271,419,420
271,420,421
271,420,422
271,421,427
271,422,423
271,423,424
271,423,425
271,424,564
271,425,426
271,426,420
271,427,428
271,428,429
271,429,430
271,430,431
271,431,432
271,432,433
271,432,434
271,433,563
271,434,435
271,434,436
271,435,563
271,436,437
271,436,438
271,437,563
271,438,439
271,439,440
271,439,452
271,440,441
271,441,442
271,442,443
271,442,448
271,443,444
271,444,445
271,444,446
271,445,564
271,446,447
271,447,442
271,448,449
271,449,450
271,450,451
271,451,452
271,452,453
271,453,454
271,454,455
271,454,456
271,455,461
271,456,457
271,457,458
271,457,459
271,458,564
271,459,460
271,460,454
271,461,462
271,461,473
271,462,463
271,463,464
271,463,465
271,464,470
271,465,466
271,466,467
271,466,468
271,467,564
271,468,469
271,469,463
271,470,471
271,471,472
271,472,473
271,473,474
271,474,475
271,475,476
271,475,477
271,476,563
271,477,478
271,478,479
271,478,491
271,479,480
271,480,481
271,481,482
271,481,487
271,482,483
271,483,484
271,483,485
271,484,564
271,485,486
271,486,481
271,487,488
271,488,489
271,489,490
271,490,491
271,491,492
271,492,493
271,492,494
271,493,564
271,494,495
271,494,505
271,495,496
271,495,499
271,496,497
271,496,498
271,497,563
271,498,499
271,499,500
271,499,501
271,500,502
271,501,502
271,502,503
271,502,504
271,503,504
271,504,506
271,505,506
271,506,507
271,506,508
271,507,508
271,508,509
271,509,510
271,510,509
271,510,511
271,511,512
271,511,513
271,512,513
271,513,563
271,514,515
271,514,516
271,515,564
271,516,563
271,517,518
271,517,540
271,518,519
271,519,520
271,520,521
271,520,526
271,521,522
271,522,523
271,522,524
271,523,564
271,524,525
271,525,520
271,526,527
271,527,528
271,527,532
271,528,529
271,528,530
271,529,531
271,530,531
271,531,532
271,532,533
271,532,534
271,533,535
271,534,535
271,535,536
271,535,537
271,536,563
271,537,538
271,538,539
271,539,540
271,540,541
271,541,542
271,541,557
271,542,543
271,542,557
271,543,544
271,544,545
271,545,546
271,545,551
271,546,547
271,547,548
271,547,549
271,548,564
271,549,550
271,550,545
271,551,552
271,552,553
271,552,554
271,553,563
271,554,555
271,555,556
271,556,557
271,557,558
271,558,564
271,559,564
271,560,588
271,561,562
271,562,588
271,563,11
271,564,565
271,565,566
271,566,567
271,566,571
271,567,568
271,567,574
271,568,569
271,568,574
271,569,570
271,569,571
271,570,571
271,570,574
271,571,572
271,571,573
271,572,588
271,573,574
271,574,575
271,574,580
271,575,576
271,575,580
271,576,577
271,576,578
271,577,579
271,578,579
271,579,580
271,580,581
271,580,582
271,581,582
271,582,583
271,582,584
271,583,584
271,583,585
271,584,585
271,584,587
271,585,586
271,585,587
271,586,587
271,587,588
272,0,1
272,0,2
272,1,2
272,1,3
272,2,10
272,3,4
272,3,5
272,4,9
272,5,6
272,5,7
272,6,8
272,7,8
272,8,9
272,9,10
273,0,1
273,0,2
273,1,2
273,1,3
273,2,9
273,3,4
273,3,5
273,4,9
273,5,6
273,5,7
273,6,7
273,6,8
273,7,9
273,8,9
274,0,1
274,0,2
274,1,2
274,1,3
274,2,16
274,3,4
274,3,5
274,4,8
274,5,6
274,5,7
274,6,7
274,7,8
274,8,9
274,8,12
274,9,10
274,9,11
274,10,11
274,10,12
274,11,16
274,12,13
274,12,15
274,13,14
274,13,15
274,14,15
274,15,16
275,0,1
275,0,2
275,1,2
275,1,3
275,2,6
275,3,4
275,3,5
275,4,5
275,5,6
276,0,1
276,0,2
276,1,2
276,1,3
276,2,13
276,3,4
276,3,6
276,4,5
276,4,6
276,5,13
276,6,7
276,6,10
276,7,8
276,7,9
276,8,13
276,9,10
276,10,11
276,10,12
276,11,13
276,12,13
277,0,1
277,0,2
277,1,2
277,1,3
277,2,14
277,3,4
277,3,6
277,4,5
277,4,6
277,5,14
277,6,7
277,6,11
277,7,8
277,8,9
277,8,10
277,9,8
277,10,11
277,11,12
277,11,13
277,12,14
277,13,14
278,0,1
278,1,2
278,1,4
278,2,3
278,3,1
278,4,5
278,5,6
278,5,8
278,6,7
278,7,5
278,8,9
278,9,10
278,9,14
278,10,11
278,10,12
278,11,14
278,12,13
278,13,9
278,14,15
278,14,16
278,15,16
278,16,17
278,16,18
278,17,94
278,18,19
278,19,20
278,19,24
278,20,21
278,20,22
278,21,24
278,22,23
278,23,19
278,24,25
278,24,26
278,25,26
278,26,27
278,27,28
278,27,32
278,28,29
278,28,30
278,29,94
278,30,31
278,31,27
278,32,33
278,32,36
278,33,34
278,33,35
278,34,35
278,34,36
278,35,94
278,36,37
278,37,38
278,37,40
278,38,39
278,39,37
278,40,41
278,41,42
278,41,46
278,42,43
278,42,44
278,43,44
278,44,45
278,45,41
278,46,47
278,46,48
278,46,49
278,47,50
278,48,50
278,49,50
278,50,51
278,50,52
278,51,52
278,51,54
278,52,53
278,52,55
278,53,54
278,53,55
278,54,94
278,55,56
278,56,57
278,56,58
278,57,62
278,58,59
278,58,60
278,59,61
278,60,61
278,61,62
278,62,63
278,63,64
278,64,63
278,64,65
278,65,66
278,66,67
278,66,68
278,67,66
278,68,69
278,68,70
278,69,71
278,70,71
278,71,72
278,71,75
278,72,73
278,72,74
278,73,91
278,74,75
278,75,76
278,75,90
278,76,77
278,76,90
278,77,78
278,77,79
278,78,79
278,79,80
278,80,81
278,80,84
278,81,82
278,81,83
278,82,84
278,83,80
278,84,85
278,84,86
278,85,86
278,85,88
278,86,87
278,86,89
278,87,88
278,87,89
278,88,94
278,89,90
278,90,56
278,91,92
278,91,93
278,92,93
278,93,94
279,0,1
279,1,2
279,1,4
279,2,3
279,3,1
279,4,5
279,5,6
279,5,8
279,6,7
279,7,5
279,8,9
279,9,10
279,9,12
279,10,11
279,11,9
280,0,1
280,0,2
280,1,3
280,2,3
280,3,4
280,3,5
280,4,5
280,5,6
280,5,7
280,6,7
280,7,8
280,8,9
280,8,12
280,9,10
280,9,12
280,10,11
280,10,12
280,11,12
280,11,13
280,12,30
280,13,14
280,14,15
280,15,16
280,15,24
280,16,17
280,16,24
280,17,18
280,17,24
280,18,19
280,18,24
280,19,20
280,19,24
280,20,21
280,20,24
280,21,22
280,21,24
280,22,23
280,22,24
280,23,24
280,24,14
280,24,25
280,25,26
280,25,29
280,26,27
280,26,28
280,27,33
280,28,29
280,29,30
280,30,31
280,30,32
280,31,32
280,32,8
280,32,33
280,33,34
280,33,35
280,34,36
280,35,36
281,0,1
281,0,2
281,1,2
281,2,3
281,2,4
281,3,5
281,4,5
281,5,6
281,5,7
281,6,7
281,7,8
281,8,9
281,8,10
281,9,8
281,10,11
281,10,12
281,11,12
281,12,13
281,13,14
281,13,16
281,14,15
281,15,13
282,0,1
282,1,2
282,1,12
282,2,3
282,2,7
282,3,4
282,3,6
282,4,5
282,4,7
282,5,6
282,5,7
282,6,7
282,7,8
282,7,10
282,8,9
282,8,11
282,9,10
282,9,11
282,10,12
282,11,1
283,0,1
283,0,2
283,1,2
283,2,3
283,2,4
283,3,10
283,4,5
283,4,6
283,5,9
283,6,7
283,6,8
283,7,8
283,8,9
283,9,10
284,0,1
284,0,2
284,1,2
284,2,3
284,3,4
284,3,27
284,4,5
284,4,7
284,5,6
284,5,7
284,6,26
284,7,8
284,7,9
284,8,18
284,9,10
284,9,13
284,10,11
284,10,12
284,11,12
284,12,17
284,13,14
284,13,15
284,14,16
284,15,16
284,16,17
284,17,18
284,18,19
284,19,20
284,19,21
284,20,25
284,21,22
284,21,23
284,22,24
284,23,24
284,24,25
284,25,26
284,26,3
285,0,1
285,0,2
285,1,3
285,2,3
285,3,4
285,3,5
285,4,6
285,5,6
285,6,7
285,6,8
285,7,9
285,8,9
285,9,10
285,10,11
285,10,16
285,11,12
285,11,13
285,12,14
285,13,14
285,14,15
285,15,10
286,0,1
286,0,2
286,1,2
286,2,3
286,3,4
286,3,54
286,4,5
286,4,7
286,5,6
286,5,7
286,6,53
286,7,8
286,7,15
286,8,9
286,9,10
286,9,11
286,10,12
286,11,12
286,12,13
286,13,9
286,13,14
286,14,45
286,15,16
286,15,28
286,16,17
286,16,21
286,17,18
286,17,19
286,18,20
286,19,20
286,20,21
286,21,22
286,21,23
286,22,24
286,23,24
286,24,25
286,24,26
286,25,27
286,26,27
286,27,44
286,28,29
286,28,36
286,29,30
286,29,31
286,30,32
286,31,32
286,32,33
286,32,34
286,33,35
286,34,35
286,35,43
286,36,37
286,36,38
286,37,39
286,38,39
286,39,40
286,39,41
286,40,42
286,41,42
286,42,43
286,43,44
286,44,45
286,45,46
286,46,47
286,46,48
286,47,52
286,48,49
286,48,50
286,49,51
286,50,51
286,51,52
286,52,53
286,53,3
287,0,1
287,1,2
287,1,3
287,2,3
287,3,4
287,3,11
287,4,5
287,4,6
287,5,10
287,6,7
287,6,8
287,7,9
287,8,9
287,9,10
287,10,1
288,0,1
288,0,2
288,1,3
288,2,3
288,3,4
288,3,5
288,4,6
288,5,6
289,0,1
289,0,6
289,1,2
289,1,3
289,2,3
289,3,4
289,3,5
289,4,5
289,5,7
289,6,7
289,7,8
289,7,10
289,8,9
289,8,10
289,9,21
289,10,11
289,10,12
289,11,12
289,11,16
289,12,13
289,12,14
289,13,15
289,14,15
289,15,20
289,16,17
289,16,18
289,17,19
289,18,19
289,19,20
289,20,21
289,21,22
289,21,23
289,22,23
290,0,1
290,0,2
290,1,3
290,2,3
291,0,1
291,0,2
291,1,6
291,2,3
291,2,4
291,3,5
291,4,5
291,5,6
292,0,1
292,0,2
292,1,3
292,2,3
292,3,4
292,3,5
292,4,5
292,4,6
292,5,6
292,6,7
292,6,8
292,7,8
293,0,1
293,0,2
293,1,13
293,2,3
293,2,4
293,3,13
293,4,5
293,4,6
293,5,13
293,6,7
293,6,12
293,7,8
293,7,10
293,8,9
293,8,11
293,9,10
293,9,11
293,10,13
293,11,13
293,12,13
294,0,1
294,0,4
294,1,2
294,1,3
294,2,19
294,3,4
294,4,5
294,4,6
294,5,6
294,6,7
294,6,8
294,7,18
294,8,9
294,8,10
294,9,10
294,10,11
294,10,12
294,11,17
294,12,13
294,12,14
294,13,14
294,14,15
294,14,16
294,15,16
294,16,17
294,17,18
294,18,19
